id,conversation_id,created_at,date,time,timezone,user_id,username,name,place,tweet,language,mentions,urls,photos,replies_count,retweets_count,likes_count,hashtags,cashtags,link,retweet,quote_url,video,thumbnail,near,geo,source,user_rt_id,user_rt,retweet_id,reply_to,retweet_date,translate,trans_src,trans_dest
1445085458975760384,1444974357575462912,2021-10-04 17:56:36 UTC,2021-10-04,17:56:36,+0000,1429751322518036484,haryatn50571876,Hobby,,@VIVAcoid Kerjasama yg sinergi sejak revisi UU KPK. Pantas di tv kalo ada yg kritik KPK yg marah2 Orang2 Senayan ??? Ternyata ada benur dibalik batu..,in,[],[],[],0,0,0,[],[],https://twitter.com/Haryatn50571876/status/1445085458975760384,False,,0,,,,,,,,"[{'screen_name': 'VIVAcoid', 'name': 'VIVAcoid', 'id': '41730943'}]",,,,
1445022175849680912,1444928187675254791,2021-10-04 13:45:08 UTC,2021-10-04,13:45:08,+0000,1925033822,new_mo_imron,Si menjaga pandangan,,"@CNNIndonesia Ahhh sedapnya melihat Kpk yg sekarang, ternyata isinya ga semua malaikat kaya sebelum revisi uu kpk üòÖ",in,[],[],[],0,0,0,[],[],https://twitter.com/new_mo_imron/status/1445022175849680912,False,,0,,,,,,,,"[{'screen_name': 'CNNIndonesia', 'name': 'CNN Indonesia', 'id': '17128975'}]",,,,
1445007549468528648,1444903472181116932,2021-10-04 12:47:01 UTC,2021-10-04,12:47:01,+0000,1378683533665861634,newphnforgiving,Í¶©Í¶≤Í¶∏Í¶≠Í¶üÍ¶©Í¶∏Í¶≤Í¶©ÍßÄÍ¶©Í¶¢Í¶ÑÍ¶≠ÍßÄÍ¶íÍßÄÍ¶≤Í¶∂Í¶•Í¶≥Í¶´Í¶∂Í¶™ÍßÄ,,@cakprak97 @febridiansyah Ya wajarlah. Wong revisi UU KPK saja banyak dikritisi karena bertujuan melemahkan KPK.,in,[],[],[],0,0,0,[],[],https://twitter.com/newphnforgiving/status/1445007549468528648,False,,0,,,,,,,,"[{'screen_name': 'cakprak97', 'name': 'glewoh', 'id': '1226810773793411072'}, {'screen_name': 'febridiansyah', 'name': 'Febri Diansyah', 'id': '1038438863465664512'}]",,,,
1444995482502107140,1444928187675254791,2021-10-04 11:59:04 UTC,2021-10-04,11:59:04,+0000,1138007582876901376,caesardcandra,Caesar DCandra,,"@CNNIndonesia inilah salah stu keberhasilan revisi UU KPK, dg status pegawai sbg ASN akan smakin bnyk yg saling berpegangan. pemerintah dn DPR tinggal nunggu rkyt minta bubarkan KPK.",in,[],[],[],0,0,11,[],[],https://twitter.com/CaesarDcandra/status/1444995482502107140,False,,0,,,,,,,,"[{'screen_name': 'CNNIndonesia', 'name': 'CNN Indonesia', 'id': '17128975'}]",,,,
1444975260709707777,1444975260709707777,2021-10-04 10:38:43 UTC,2021-10-04,10:38:43,+0000,1200403458836164608,yonowlah,Buzzer Anonim,,"Perlu diinvestigasi krn foto diambil pd 2019 bersamaan dgn polemik revisi UU KPK dan akibat dr foto yg diposting di medsos tersebut, muncu isu Taliban  Kpn bendera tsb ada di meja? Ini penting krn pemilik meja bkn pegawai yg dipecat  Apakah ada yg perintahkan pemotretan bendera",in,[],[],[],0,0,0,[],[],https://twitter.com/yonowlah/status/1444975260709707777,False,https://twitter.com/febridiansyah/status/1444903472181116932,0,,,,,,,,[],,,,
1444861428158980096,1444861428158980096,2021-10-04 03:06:23 UTC,2021-10-04,03:06:23,+0000,965165177355120640,rabiinnn,BIN,,"UU ITE, Revisi UU KPK. itu kerjaan nya sapa dahüòÇ",in,[],[],[],1,0,0,[],[],https://twitter.com/Rabiinnn/status/1444861428158980096,False,,0,,,,,,,,[],,,,
1444815949576638464,1444815933990522880,2021-10-04 00:05:40 UTC,2021-10-04,00:05:40,+0000,1330144760636596228,salamdaivaj,Salam1,,"Juga khawatir pemberantasan korupsi akan semakin tumpul setelah rangkaian pelemahan KPK mulai dari revisi UU KPK, pemilihan komisioner bermasalah hingga pemecatan pegawai KPK.  #TiadaHariTanpaRuwet #TiadaHariTanpaRuwet",in,[],[],[],1,0,0,"['tiadaharitanparuwet', 'tiadaharitanparuwet']",[],https://twitter.com/SalamDaivaJ/status/1444815949576638464,False,,0,,,,,,,,[],,,,
1444813320427503616,1444813296758976513,2021-10-03 23:55:13 UTC,2021-10-03,23:55:13,+0000,1359083437420777478,salamdawwasj,Salam2,,Tak hanya soal polemik TWK.  Mereka mengaitkan pada upaya Presiden Jokowi yang sepakat merevisi UU KPK pada 2019.   Revisi tersebut dinilai melemahkan posisi KPK meski diklaim untuk memperkuat lembaga antirasuah.  #TiadaHariTanpaRuwet #TiadaHariTanpaRuwet,in,[],[],[],1,0,0,"['tiadaharitanparuwet', 'tiadaharitanparuwet']",[],https://twitter.com/SalamDawwasJ/status/1444813320427503616,False,,0,,,,,,,,[],,,,
1444694339678916615,1444688603137773572,2021-10-03 16:02:26 UTC,2021-10-03,16:02:26,+0000,2878497204,zaymzainudin,Z…ëy M Z…ëi…≥ ã…ói…≥üáÆüá©,,"seiring aksi-aksi demo menolak revisi UU KPK. Tapi sejak awal menjadi satpam di KPK pada Februari 2018, dia mengaku pernah melihat bendera HTI di dua meja penyidik.  ""Saya heran saja, bendera ormas yang sudah dilarang kok masih ada yang pasang. Terus saya potret sengaja sambil  https://t.co/yrMMqWzJgO",in,[],[],[],2,19,36,[],[],https://twitter.com/ZayMZainudin/status/1444694339678916615,False,,1,https://pbs.twimg.com/ext_tw_video_thumb/1444694171172802566/pu/img/Fp1c31Nppb-t1SLq.jpg,,,,,,,[],,,,
1444550388317753346,1444550388317753346,2021-10-03 06:30:25 UTC,2021-10-03,06:30:25,+0000,175442007,ecosocrights,InstitutEcosocRights,,Bukti bahwa penyingkiran pegawai KPK berintegritas dan berprestasi dgn narasi Taliban dan tes TWK adalah satu paket dgn revisi UU KPK utk pelemahan KPK. Kini yg melemahkan KPK terbelit dan terjebak dgn narasinya sendiri. Tidak ada kejahatan yg tdk meninggalkan jejak.,in,[],[],[],0,10,24,[],[],https://twitter.com/ecosocrights/status/1444550388317753346,False,https://twitter.com/tatakhoiriyah/status/1444508119325839364,0,,,,,,,,[],,,,
1444541219577630720,1444539369684045830,2021-10-03 05:53:59 UTC,2021-10-03,05:53:59,+0000,1111848792767107073,itsme_rbh,Call Me : Bur,,Dan sebagai bagian dari komunitas #99Army #98Movement sikap saya dan komunitas mengenai korupsi juga jelas. Sikap terhadap revisi UU KPK dan TWK juga jelas.  Jadi jelas saya akan mendukung perjuangan ke 57+ ex pegawai KPK menegakkan keadilan dan memerangi korupsi.,in,[],[],[],1,6,5,"['99army', '98movement']",[],https://twitter.com/ItsMe_RBH/status/1444541219577630720,False,,0,,,,,,,,[],,,,
1444483961200148484,1444470085922426882,2021-10-03 02:06:28 UTC,2021-10-03,02:06:28,+0000,1429751322518036484,haryatn50571876,Hobby,,@tribunnews Contoh upaya penjegalan dengan isyue bendera HTI. Karena skenario awal sejak revisi UU KPK harus berjalan ..,in,[],[],[],0,0,0,[],[],https://twitter.com/Haryatn50571876/status/1444483961200148484,False,,0,,,,,,,,"[{'screen_name': 'tribunnews', 'name': 'Tribunnews.com', 'id': '124171593'}]",,,,
1444481732124708865,1444229061073506312,2021-10-03 01:57:36 UTC,2021-10-03,01:57:36,+0000,1429751322518036484,haryatn50571876,Hobby,,@kumparan Kok baru sekarang..ada skenario apalagi..masihkan di kaitkan dgn twk kmaren??..pokoknya skenario awal sejak revisi UU KPK dll harus berjalan sesuai rencana. KPK harus manut sama yg di sana .,in,[],[],[],0,0,1,[],[],https://twitter.com/Haryatn50571876/status/1444481732124708865,False,,0,,,,,,,,"[{'screen_name': 'kumparan', 'name': 'kumparan', 'id': '759692754985242625'}]",,,,
1444296893043863554,1444296893043863554,2021-10-02 13:43:07 UTC,2021-10-02,13:43:07,+0000,175442007,ecosocrights,InstitutEcosocRights,,"Benar, korupsi dana bansosnya rakyat lapar, revisi UU KPK yg melemahkan KPK, pengesahan omnibus cilaka, dll adalah bagian dari rongrongan thd Pancasila",in,[],[],[],0,7,15,[],[],https://twitter.com/ecosocrights/status/1444296893043863554,False,https://twitter.com/SINDOnews/status/1444034366884106240,0,,,,,,,,[],,,,
1444242718645899271,1443782615954116610,2021-10-02 10:07:51 UTC,2021-10-02,10:07:51,+0000,45363072,jopermadi,Jo Permadi#koppignwa,,"@victoripangkey2 @febridiansyah Baca berita aja om, kan sdh dijawab itu klasifikasi rahasia ada uu nya di berita tuh om. Yg bisa jujur justru yg tms kmrn menjawab apa pada pertanyaan2x diluar yg mereka sdh sebut di media. Misalnya terhadap revisi uu kpk, terhadap pimpinan terpilih dsb",in,[],[],[],1,0,0,[],[],https://twitter.com/JoPermadi/status/1444242718645899271,False,,0,,,,,,,,"[{'screen_name': 'victoripangkey2', 'name': 'Victor Pangkey', 'id': '1189719790396461056'}, {'screen_name': 'febridiansyah', 'name': 'Febri Diansyah', 'id': '1038438863465664512'}]",,,,
1444171290756009989,1443618010225262592,2021-10-02 05:24:01 UTC,2021-10-02,05:24:01,+0000,798901988909907968,syarman59,Syarman Lawyer,,"@CaesarDcandra @MDjoelies @OposisiCerdas @MedanTownChinas @AbrahamSamadd @Busyro_Muqoddas Sekedar info pasal 3 UU KPK 2019 (sudah revisi); ""KPK¬†adalah lembaga negara dalam rumpun eksekutif yang dalam pelaksanaan tugas dan wewenangnya bersifat¬†independen¬†dan bebas dari pengaruh kekuasaan mana pun,""",in,[],[],[],0,1,0,[],[],https://twitter.com/Syarman59/status/1444171290756009989,False,,0,,,,,,,,"[{'screen_name': 'CaesarDcandra', 'name': 'Caesar DCandra', 'id': '1138007582876901376'}, {'screen_name': 'MDjoelies', 'name': 'Mark Djoelies SiekoembangüáÆüá©üáÆüá©', 'id': '1224642373457600513'}, {'screen_name': 'OposisiCerdas', 'name': 'OposisiCerdas.com', 'id': '887743587579944960'}, {'screen_name': 'MedanTownChinas', 'name': '_MtC_', 'id': '853884889'}, {'screen_name': 'AbrahamSamadd', 'name': 'Abraham Samad', 'id': '429785246'}, {'screen_name': 'Busyro_Muqoddas', 'name': 'Busyro_Muqoddas', 'id': '1136491028'}]",,,,
1444166237794168835,1444160723572068355,2021-10-02 05:03:57 UTC,2021-10-02,05:03:57,+0000,2777551608,lukmaninside13,Lukman Santoso,,"@kompascom Kayak gk tau aja, kan biar bersih cuci tangan, biar nanti kalau ada apa2, ditanya bisa jawab YNTKTS, kayak Revisi UU KPK yg sengaja gk ditandatangan.",in,[],[],[],1,0,0,[],[],https://twitter.com/lukmaninside13/status/1444166237794168835,False,,0,,,,,,,,"[{'screen_name': 'kompascom', 'name': 'Kompas.com', 'id': '23343960'}]",,,,
1444162819671298050,1444162819671298050,2021-10-02 04:50:22 UTC,2021-10-02,04:50:22,+0000,49383672,billykhaerudin,BiLLY KHAERUDIN,,Dulu napa ga sekalian nolak revisi UU KPK min? Biar ga nanggung jadi oposisi ih,in,[],[],[],1,3,9,[],[],https://twitter.com/BiLLYKHAERUDIN/status/1444162819671298050,False,https://twitter.com/PKSejahtera/status/1444115266867060736,0,,,,,,,,[],,,,
1444157552921497602,1444157552921497602,2021-10-02 04:29:26 UTC,2021-10-02,04:29:26,+0000,1111848792767107073,itsme_rbh,Call Me : Bur,,Sudah Pak..  Pilpres dan Pilkada sudah memecah rakyat.  Revisi UU KPK menyatukan (suara) para politisi.,in,[],[],[],0,5,0,[],[],https://twitter.com/ItsMe_RBH/status/1444157552921497602,False,https://twitter.com/AT_AbdillahToha/status/1435623958859026432,0,,,,,,,,[],,,,
1444080588919431170,1443850990281576451,2021-10-01 23:23:36 UTC,2021-10-01,23:23:36,+0000,2427977096,indonesiafaried,Frd,,"@PutraWadapi rencana nya begitu... revisi UU KPK... angkat komisioner Koplak, pecat pegawai berIntegritas... selesai",in,[],[],[],0,0,0,[],[],https://twitter.com/IndonesiaFaried/status/1444080588919431170,False,,0,,,,,,,,"[{'screen_name': 'PutraWadapi', 'name': 'Christ Wamea', 'id': '1335782127791554563'}]",,,,
1443997883540205569,1443786987580755969,2021-10-01 17:54:58 UTC,2021-10-01,17:54:58,+0000,104411351,niwseir,iwin,,@lalalalanang @KPK_RI TWK datang sepaket dengan revisi UU KPK 2019 lalu.  https://t.co/9khxKn7osK,in,[],['https://tirto.id/akal-akalan-firli-pakai-cap-taliban-twk-untuk-pecat-pegawai-kpk-ggA4'],[],0,0,0,[],[],https://twitter.com/niwseir/status/1443997883540205569,False,,0,,,,,,,,"[{'screen_name': 'lalalalanang', 'name': 'Remukan Oreo Supreme', 'id': '1437458665691176961'}, {'screen_name': 'KPK_RI', 'name': 'KPK', 'id': '104714478'}]",,,,
1443970364426522626,1443953179691991074,2021-10-01 16:05:37 UTC,2021-10-01,16:05:37,+0000,3527049614,didithardworker,Muh Khaidir S J,,@TsamaraDKI Pada bulan Februari 2016 Raja Juli Antoni pernah demo menolak Revisi UU KPK dengan memakai kostum Batman. Kamu sudah tahu?  https://t.co/vtT8Pop06u,in,[],['https://youtu.be/TdIaWrEy-9s'],[],0,0,1,[],[],https://twitter.com/didithardworker/status/1443970364426522626,False,,0,,,,,,,,"[{'screen_name': 'TsamaraDKI', 'name': 'Tsamara Amany', 'id': '2786280835'}]",,,,
1443969804067504129,1443953179691991074,2021-10-01 16:03:23 UTC,2021-10-01,16:03:23,+0000,3527049614,didithardworker,Muh Khaidir S J,,@TsamaraDKI PSI pernah membela KPK dengan menolak Revisi UU KPK. Kamu belum gabung PSI ketika itu. Jabatan Ketua DPP PSI bidang eksternal masih dipegang oleh teman saya Nova Rini.,in,[],[],[],0,0,1,[],[],https://twitter.com/didithardworker/status/1443969804067504129,False,,0,,,,,,,,"[{'screen_name': 'TsamaraDKI', 'name': 'Tsamara Amany', 'id': '2786280835'}]",,,,
1443957353028542464,1443957353028542464,2021-10-01 15:13:55 UTC,2021-10-01,15:13:55,+0000,1248726242,masaryaduta,Bukan Ar—áŒ± Duta‚Ñ¢ #ÿ£ŸÉŸàŸÜ ŸÖÿ±ÿØŸäŸÉÿß,,"Sejak awal pemecatan 57 pegawai KPK, Yuris Rezha Kurniawan menyebut ada dua persoalan, pertama rekam jejak proses pemilihan pimpinan KPK cenderung bermasalah. Kedua, revisi UU KPK telah mendegradasi independensi KPK sebagai lembaga pemberantasan korupsi.  https://t.co/TFIooRgi0b",in,[],['https://nasional.tempo.co/read/1512709/pukat-ugm-sulit-membayangkan-kpk-bisa-segarang-dulu'],[],0,0,7,[],[],https://twitter.com/masaryaduta/status/1443957353028542464,False,,0,,,,,,,,[],,,,
1443945316844068867,1443618010225262592,2021-10-01 14:26:05 UTC,2021-10-01,14:26:05,+0000,1232069279773626369,aimanjudakusum1,Aiman_Judakusumah üáÆüá©,,@BeBuzzerNKRI @Syarman59 @OposisiCerdas @MedanTownChinas @AbrahamSamadd @Busyro_Muqoddas Saut itu yg kmrn sempat mundur tp kmdn batal saat ramai revisi UU KPK. Drama banget kelakuannya.  @sautsitumorangs  https://t.co/S2i5laBm7G,in,"[{'screen_name': 'sautsitumorangs', 'name': 'saut situmorang ss', 'id': '812058350049312768'}]",[],['https://pbs.twimg.com/tweet_video_thumb/FAnsmW0VUAQUaF9.jpg'],2,1,1,[],[],https://twitter.com/AimanJudakusum1/status/1443945316844068867,False,,1,https://pbs.twimg.com/tweet_video_thumb/FAnsmW0VUAQUaF9.jpg,,,,,,,"[{'screen_name': 'BeBuzzerNKRI', 'name': ""Always #TEGAR / I'm Buzzer NKRI üáÆüá©üáÆüá©"", 'id': '998800626816499712'}, {'screen_name': 'Syarman59', 'name': 'Syarman Lawyer', 'id': '798901988909907968'}, {'screen_name': 'OposisiCerdas', 'name': 'OposisiCerdas.com', 'id': '887743587579944960'}, {'screen_name': 'MedanTownChinas', 'name': '_MtC_', 'id': '853884889'}, {'screen_name': 'AbrahamSamadd', 'name': 'Abraham Samad', 'id': '429785246'}, {'screen_name': 'Busyro_Muqoddas', 'name': 'Busyro_Muqoddas', 'id': '1136491028'}]",,,,
1443945267573624837,1443573864290680838,2021-10-01 14:25:53 UTC,2021-10-01,14:25:53,+0000,1232069279773626369,aimanjudakusum1,Aiman_Judakusumah üáÆüá©,,"@KaredokLeunca__ @KPK_RI Kmrn ada mantan2 Komisioner KPK yg datang &amp; ikutan perpisahan NB dkk. Hayang seuri nyimak sang mantan yg sok2an mundur gegara Revisi UU KPK, ternyata kmdn gak jadi. üòÅ  Aya tuit sae mak....üëç  https://t.co/7NjDzMGG2F",in,[],['https://twitter.com/SantorinisSun/status/1443582763483877391?s=19'],[],2,0,2,[],[],https://twitter.com/AimanJudakusum1/status/1443945267573624837,False,https://twitter.com/SantorinisSun/status/1443582763483877391?s=19,0,,,,,,,,"[{'screen_name': 'KaredokLeunca__', 'name': 'JEPRET.!! KARET NA 2,SEUHAH..!!üî•üî•', 'id': '1271319727751610385'}, {'screen_name': 'KPK_RI', 'name': 'KPK', 'id': '104714478'}]",,,,
1443917554779516928,1443789018383093771,2021-10-01 12:35:46 UTC,2021-10-01,12:35:46,+0000,1204843568877060096,flyislalat,Marie,,@mariebudewa @idtodayco lah presiden bisa revisi UU KPK yg waku itu bikin heboh juga karena melemahkan KPK. sekarang giliran masalah TWK bermasalah presiden angkat tangan gak mau ikut campur.,in,[],[],[],0,0,0,[],[],https://twitter.com/flyislalat/status/1443917554779516928,False,,0,,,,,,,,"[{'screen_name': 'mariebudewa', 'name': 'Akkim', 'id': '376799679'}, {'screen_name': 'idtodayco', 'name': 'IndonesiaToday', 'id': '1082992095361609728'}]",,,,
1443879146304663561,1443618010225262592,2021-10-01 10:03:09 UTC,2021-10-01,10:03:09,+0000,1138007582876901376,caesardcandra,Caesar DCandra,,@MDjoelies @Syarman59 @OposisiCerdas @MedanTownChinas @AbrahamSamadd @Busyro_Muqoddas lawyer awalnya ngetwit dg melampirkan berita sblm ada revisi UU KPK dimana status KPK saat itu msh independent.,in,[],[],[],0,0,0,[],[],https://twitter.com/CaesarDcandra/status/1443879146304663561,False,,0,,,,,,,,"[{'screen_name': 'MDjoelies', 'name': 'Mark Djoelies SiekoembangüáÆüá©üáÆüá©', 'id': '1224642373457600513'}, {'screen_name': 'Syarman59', 'name': 'Syarman Lawyer', 'id': '798901988909907968'}, {'screen_name': 'OposisiCerdas', 'name': 'OposisiCerdas.com', 'id': '887743587579944960'}, {'screen_name': 'MedanTownChinas', 'name': '_MtC_', 'id': '853884889'}, {'screen_name': 'AbrahamSamadd', 'name': 'Abraham Samad', 'id': '429785246'}, {'screen_name': 'Busyro_Muqoddas', 'name': 'Busyro_Muqoddas', 'id': '1136491028'}]",,,,
1443877001689849856,1443618010225262592,2021-10-01 09:54:37 UTC,2021-10-01,09:54:37,+0000,1138007582876901376,caesardcandra,Caesar DCandra,,"@MDjoelies @Syarman59 @OposisiCerdas @MedanTownChinas @AbrahamSamadd @Busyro_Muqoddas cb anda pahami permasalahan dr awal, sblm revisi UU KPK sttus KPK independent. stlh revisi KPK ada dibawah presiden, diadakan test TWK utk peralihan menjadi ASN..disaat KPK ada masalah mka presiden hrs take over utk menyelesaikan, bkn lepas tangan.",in,[],[],[],3,0,0,[],[],https://twitter.com/CaesarDcandra/status/1443877001689849856,False,,0,,,,,,,,"[{'screen_name': 'MDjoelies', 'name': 'Mark Djoelies SiekoembangüáÆüá©üáÆüá©', 'id': '1224642373457600513'}, {'screen_name': 'Syarman59', 'name': 'Syarman Lawyer', 'id': '798901988909907968'}, {'screen_name': 'OposisiCerdas', 'name': 'OposisiCerdas.com', 'id': '887743587579944960'}, {'screen_name': 'MedanTownChinas', 'name': '_MtC_', 'id': '853884889'}, {'screen_name': 'AbrahamSamadd', 'name': 'Abraham Samad', 'id': '429785246'}, {'screen_name': 'Busyro_Muqoddas', 'name': 'Busyro_Muqoddas', 'id': '1136491028'}]",,,,
1443874083452583937,1443874083452583937,2021-10-01 09:43:02 UTC,2021-10-01,09:43:02,+0000,63959875,rargama,Rizky Argama,,Sudah 2 tahun sejak aksi-aksi besar menolak revisi UU KPK dll. Dan penyingkiran 58 pegawai KPK via TWK kemarin jadi salah satu penanda bahwa reformasi benar-benar dikorupsi.   @PSHKIndonesia merangkum gejala-gejala mengeruhnya ekosistem hukum kita dlm makalah advokasi berikut.,in,"[{'screen_name': 'pshkindonesia', 'name': 'pusat studi hukum dan kebijakan indonesia', 'id': '594435715'}]",[],[],0,1,0,[],[],https://twitter.com/RArgama/status/1443874083452583937,False,https://twitter.com/PSHKIndonesia/status/1443531068817219588,0,,,,,,,,[],,,,
1443871858634280960,1443871858634280960,2021-10-01 09:34:11 UTC,2021-10-01,09:34:11,+0000,1200301458492551169,acil11147618,#RUWET üá≤üá®üá≤üá®üá≤üá®üíØ,,"hahahaha, bong sesudah revisi uu kpk, anggta kpk sdh asn dan kpk adalah lembaga dibawah presiden, jadi preisden bisa mengawasi/menegur kpk, beda sebelum revisi uu kpk, lembaga kpk memang independen paham bong...?",in,[],[],[],0,0,0,[],[],https://twitter.com/Acil11147618/status/1443871858634280960,False,https://twitter.com/Syarman59/status/1443710417386172465,0,,,,,,,,[],,,,
1443871372061528064,1443849689325920256,2021-10-01 09:32:15 UTC,2021-10-01,09:32:15,+0000,842678935817142272,amnestyindo,Amnesty International Indonesia,,"[BREAKING] ""Kemudian, putusan MK menyatakan sebagian dari UU KPK hasil revisi tersebut harus dibatalkan. Saya menghormati putusan MK tersebut, yang menandakan ada masalah dalam pasal-pasal yang bermasalah pada UU tersebut.""",in,[],[],[],1,0,0,[],[],https://twitter.com/amnestyindo/status/1443871372061528064,False,,0,,,,,,,,[],,,,
1443870818807603202,1443849689325920256,2021-10-01 09:30:03 UTC,2021-10-01,09:30:03,+0000,842678935817142272,amnestyindo,Amnesty International Indonesia,,"[BREAKING] ""Jika revisi UU KPK dijalankan kemudian menimbulkan masalah, kita bisa berikan penilaiannya. Jika putusan MK saat itu menyatakan revisi UU ini melemahkan KPK, menghambat proses penegakan hukum dan pemberantasan korupsi, kita bisa berpegang pada putusan MK tersebut.""",in,[],[],[],1,0,0,[],[],https://twitter.com/amnestyindo/status/1443870818807603202,False,,0,,,,,,,,[],,,,
1443870162063544324,1443849689325920256,2021-10-01 09:27:27 UTC,2021-10-01,09:27:27,+0000,842678935817142272,amnestyindo,Amnesty International Indonesia,,"[BREAKING] ""Saya agak sulit mengomentari pengesahan revisi UU KPK, yang disahkan sebelum saya menjadi anggota DPR. Harus diperhatikan bagaimana putusan MK terhadap revisi UU KPK dan bagaimana UU KPK diimplementasikan.""",in,[],[],[],1,0,0,[],[],https://twitter.com/amnestyindo/status/1443870162063544324,False,,0,,,,,,,,[],,,,
1443865445468049415,1443863477257265152,2021-10-01 09:08:42 UTC,2021-10-01,09:08:42,+0000,1347736433298034689,mensosj,ƒπ√Øƒ∫≈ë,,"@geloraco Sumber masalah kan revisi UU KPK yg disahkan jadi UU no 19 2019, lalu proses pemilihan pimpinan KPK yg tdk transparan. Kok buya mingkem saja saat itu ?",in,[],[],[],0,0,1,[],[],https://twitter.com/MensosJ/status/1443865445468049415,False,,0,,,,,,,,"[{'screen_name': 'geloraco', 'name': 'GELORA NEWS', 'id': '3319260420'}]",,,,
1443862901173874690,1443849689325920256,2021-10-01 08:58:35 UTC,2021-10-01,08:58:35,+0000,842678935817142272,amnestyindo,Amnesty International Indonesia,,"[BREAKING] ""Meski sudah diterpa gelombang penolakan yang masif pada 2019 lalu, revisi UU KPK tetap disahkan. Akibatnya, KPK kian melemah. Sebenarnya, pemerintah dan DPR berpihak pada siapa (rakyat/lainnya)?"" kata Ricky.",in,[],[],[],1,0,1,[],[],https://twitter.com/amnestyindo/status/1443862901173874690,False,,0,,,,,,,,[],,,,
1443853953922330626,1443849689325920256,2021-10-01 08:23:02 UTC,2021-10-01,08:23:02,+0000,842678935817142272,amnestyindo,Amnesty International Indonesia,,"[BREAKING] Rizki Fauzan, perwakilan grup aksi Amnesty Pekanbaru, membacakan suratnya di hadapan anggota Komisi III DPR RI, @taufikbasari: ""Semua bermula dari pengesahan revisi UU KPK pada September 2019 yang awalnya hanya wacana. Jalan yang awalnya terjal tiba-tiba mulus.""  https://t.co/Wl7R9yExQl",in,"[{'screen_name': 'taufikbasari', 'name': 'taufik basari', 'id': '101372511'}]",[],['https://pbs.twimg.com/media/FAmYvgjUYAEIOIP.jpg'],1,1,0,[],[],https://twitter.com/amnestyindo/status/1443853953922330626,False,,1,https://pbs.twimg.com/media/FAmYvgjUYAEIOIP.jpg,,,,,,,[],,,,
1443846725941096456,1443844267248537609,2021-10-01 07:54:19 UTC,2021-10-01,07:54:19,+0000,155928815,emerson_yuntho,Buya Eson,,@psi_id #PartaiAntiKorupsi? Tapi kenapa dukung Revisi UU @KPK_RI yg prosesnya mencurigakan dan subtansinya melemahkan KPK?,in,"[{'screen_name': 'kpk_ri', 'name': 'kpk', 'id': '104714478'}]",[],[],0,6,19,['partaiantikorupsi'],[],https://twitter.com/emerson_yuntho/status/1443846725941096456,False,,0,,,,,,,,"[{'screen_name': 'psi_id', 'name': 'DPP PSI', 'id': '3102442327'}]",,,,
1443806690923540485,1443778087670353927,2021-10-01 05:15:14 UTC,2021-10-01,05:15:14,+0000,2674103198,bacautas,Bot Bacautas | Biar lebih enak dibaca,,"Haloo @meina_petz üòÉüëã Selamat membaca! ""Indonesia Dalam Dalam Cengkraman OLIGARKI !  Undang-Undang Cipta Kerja, Revisi Undang-Undang Minerba, Revisi Undang-Undang KPK serta beberapa RUU/UU kontroversial lainya sejak tahun 2019...""  https://t.co/z7PZQNR6Xx",in,"[{'screen_name': 'meina_petz', 'name': 'meikha', 'id': '826275281933520896'}]",['https://bacautas.com/1443778087670353927'],[],0,3,3,[],[],https://twitter.com/bacautas/status/1443806690923540485,False,,0,,,,,,,,[],,,,
1443779658772668418,1443778087670353927,2021-10-01 03:27:49 UTC,2021-10-01,03:27:49,+0000,2599056516,lbhsemarang,YLBHI-LBH Semarang,,Revisi UU KPK yang telah disahkan menjadi senjata untuk menyingkirkan pegawai KPK yang mempunyai Komitmen dalam pemberantasan korupsi.,in,[],[],[],1,5,10,[],[],https://twitter.com/lbhsemarang/status/1443779658772668418,False,,0,,,,,,,,[],,,,
1443778087670353927,1443778087670353927,2021-10-01 03:21:34 UTC,2021-10-01,03:21:34,+0000,2599056516,lbhsemarang,YLBHI-LBH Semarang,,"Indonesia Dalam Dalam Cengkraman OLIGARKI !  Undang-Undang Cipta Kerja, Revisi Undang-Undang Minerba, Revisi Undang-Undang KPK serta beberapa RUU/UU kontroversial lainya sejak tahun 2019 banyak ditentang oleh Rakyat, pasalnya produk hukum tersebut tidak berpihak kepada rakyat,  https://t.co/D1xExPLlJ5",in,[],[],"['https://pbs.twimg.com/media/FAlUgn8VkAogd9J.jpg', 'https://pbs.twimg.com/media/FAlUCOgVEAMywh6.jpg', 'https://pbs.twimg.com/media/FAlUgoXVcAYyh6G.jpg', 'https://pbs.twimg.com/media/FAlUCOeVIAI7nqL.jpg']",20,225,827,[],[],https://twitter.com/lbhsemarang/status/1443778087670353927,False,,1,https://pbs.twimg.com/media/FAlUgn8VkAogd9J.jpg,,,,,,,[],,,,
1443749165964488710,1443749165964488710,2021-10-01 01:26:39 UTC,2021-10-01,01:26:39,+0000,49383672,billykhaerudin,BiLLY KHAERUDIN,,"Soal ribut-ribut KPK ini gak ada suara kritis dari DPR yg so called wakil rakyat hasil pemilu. Ya karena mereka semua aktor utama revisi UU KPK bersama pemerintah. Jadi, nikmatin saja keadaan ini sampai pemilu atau mekanisme demokrasi lainnya bisa kembali mengubah keadaan",in,[],[],[],17,125,440,[],[],https://twitter.com/BiLLYKHAERUDIN/status/1443749165964488710,False,,0,,,,,,,,[],,,,
1443728771702419456,1443618010225262592,2021-10-01 00:05:37 UTC,2021-10-01,00:05:37,+0000,1138007582876901376,caesardcandra,Caesar DCandra,,@Syarman59 @OposisiCerdas @MedanTownChinas @AbrahamSamadd @Busyro_Muqoddas pahamkah anda status KPK skrg stlh revisi UU KPK? Presiden adlh pembina utama ASN.,in,[],[],[],1,0,0,[],[],https://twitter.com/CaesarDcandra/status/1443728771702419456,False,,0,,,,,,,,"[{'screen_name': 'Syarman59', 'name': 'Syarman Lawyer', 'id': '798901988909907968'}, {'screen_name': 'OposisiCerdas', 'name': 'OposisiCerdas.com', 'id': '887743587579944960'}, {'screen_name': 'MedanTownChinas', 'name': '_MtC_', 'id': '853884889'}, {'screen_name': 'AbrahamSamadd', 'name': 'Abraham Samad', 'id': '429785246'}, {'screen_name': 'Busyro_Muqoddas', 'name': 'Busyro_Muqoddas', 'id': '1136491028'}]",,,,
1443717464949342218,1443717464949342218,2021-09-30 23:20:41 UTC,2021-09-30,23:20:41,+0000,379288910,pengarang_sajak,Pengarang Puisi‚Ñ¢,,Gue kesih sikit bocoran..  Gue baca chat di Tele Semutrangrang dukungan utk bajak Laut sejak Revisi UU KPK itu asli gue ketawa2..  Mereka cm Focus 2 hal.. Kasus bansos dan Harum Masiku.. Keduanya utk nonjok PDIP..  Kl ada alat bukti utk jerat madam bansos sudah jauh2 hari.. üòÅüòÅ,in,[],[],[],6,42,185,[],[],https://twitter.com/pengarang_sajak/status/1443717464949342218,False,,0,,,,,,,,[],,,,
1443712516052324353,1443534570192728068,2021-09-30 23:01:01 UTC,2021-09-30,23:01:01,+0000,911573057243713536,y_yumnan,Yumnan Sabrie,,@geloraco Mau tanya : Dulu thn 2019 revisi UU KPK itu diajukan pemerintah atau inisiatif DPR ?,in,[],[],[],0,0,0,[],[],https://twitter.com/y_yumnan/status/1443712516052324353,False,,0,,,,,,,,"[{'screen_name': 'geloraco', 'name': 'GELORA NEWS', 'id': '3319260420'}]",,,,
1443625933504585743,1443000291972902913,2021-09-30 17:16:58 UTC,2021-09-30,17:16:58,+0000,1263838574442459136,demokrasianti,Kontra Anti Demokrasi,,"@mohmahfudmd Pertama,  Revisi UU KPK Kedua,  UU Cipta pengangguran Ketiga,  UU minerba Keempat, TWK Kelima,  mending bubarin aja negara wakanda.",in,[],[],[],0,0,0,[],[],https://twitter.com/DemokrasiAnti/status/1443625933504585743,False,,0,,,,,,,,"[{'screen_name': 'mohmahfudmd', 'name': 'Mahfud MD', 'id': '282006208'}]",,,,
1443580206044762123,1443580206044762123,2021-09-30 14:15:16 UTC,2021-09-30,14:15:16,+0000,1025310668143046657,ivaanaldo,Ivanaldo,,"dulu revisi uu kpk tapi setelahnya masih bisa nangkep mentri aktif, sekarang pegawai ga dilolosin twk tapi masih bisa nangkep wakil ketua dpr. sebenernya pelemahan kpk tu beneran jadi lemah atau gmn sih??",in,[],[],[],0,0,0,[],[],https://twitter.com/ivaanaldo/status/1443580206044762123,False,,0,,,,,,,,[],,,,
1443578796586668038,1443561694500818945,2021-09-30 14:09:40 UTC,2021-09-30,14:09:40,+0000,807941894,herman_chou73,HermanChou,,"@P3nj3l4j4h_id @Boyzneboyzone Kalau tahun lalu dia resign setelah revisi UU KPK kan ga kayak gini.  Makanya hati kalau ngomong, kata2 itu doa.",in,[],[],[],0,1,2,[],[],https://twitter.com/herman_chou73/status/1443578796586668038,False,,0,,,,,,,,"[{'screen_name': 'P3nj3l4j4h_id', 'name': 'Capres Abadi', 'id': '727998262137905152'}, {'screen_name': 'Boyzneboyzone', 'name': 'Ebyt', 'id': '143343199'}]",,,,
1443568905453137926,1443568327817760776,2021-09-30 13:30:21 UTC,2021-09-30,13:30:21,+0000,1439571153438216195,talktojusticeid,Talk To Justice,,"@tvOneNews wibawa institusi KPK juga hancur lebur Dimata hukum, dengan adanya revisi UU KPK",in,[],[],[],0,0,1,[],[],https://twitter.com/TalkToJusticeID/status/1443568905453137926,False,,0,,,,,,,,"[{'screen_name': 'tvOneNews', 'name': 'tvOneNews', 'id': '55507370'}]",,,,
1443561451306708996,1443561451306708996,2021-09-30 13:00:44 UTC,2021-09-30,13:00:44,+0000,116203259,demajusticia,Dewan Mahasiswa Justicia FH UGM,,"[Dari Revisi UU KPK Hingga Ketidakbecusan TWK]  Pasca revisi UU KPK yang disusul dengan Putusan MK No. 70/PUU-XVII/2019, KPK berada dalam rumpun eksekutif.  https://t.co/WHUJbrT624",in,[],[],"['https://pbs.twimg.com/media/FAiPeMeVUAUKziB.jpg', 'https://pbs.twimg.com/media/FAiPeMqVEAMmnI4.jpg', 'https://pbs.twimg.com/media/FAiPeMzVEAEvf7J.jpg', 'https://pbs.twimg.com/media/FAiPeM9UUAE03go.jpg']",1,1,21,[],[],https://twitter.com/demajusticia/status/1443561451306708996,False,,1,https://pbs.twimg.com/media/FAiPeMeVUAUKziB.jpg,,,,,,,[],,,,
1443556610207481857,1443556610207481857,2021-09-30 12:41:30 UTC,2021-09-30,12:41:30,+0000,57222373,gitaputrid,gitaputrid,,Dua tahun lalu UU KPK direvisi dan hasil revisi itu kita lihat dari pemecatan 57+ pegawai tak lolos TWK.   Simak kertas advokasi kami dalam rangka 2 tahun aksi #ReformasiDikorupsi.,in,[],[],[],2,23,47,['reformasidikorupsi'],[],https://twitter.com/gitaputrid/status/1443556610207481857,False,https://twitter.com/PSHKIndonesia/status/1443531068817219588,0,,,,,,,,[],,,,
1443542785987014665,1443542782128263171,2021-09-30 11:46:34 UTC,2021-09-30,11:46:34,+0000,926837114,walhi_kalteng,WALHI Kalimantan Tengah,,Upaya mematikan KPK secara paksa oleh kelompok elit dan berbagai pihak mulai dari kasus Cicak vs Buaya (2009) dan revisi UU KPK (2019). Akhirnya eksistensi KPK sebagai lembaga anti rasuah makin melemah sejak sejumlah pegawai KPK disisihkan secara tidak adil melalui TWK,in,[],[],[],1,0,0,[],[],https://twitter.com/walhi_kalteng/status/1443542785987014665,False,,0,,,,,,,,[],,,,
1443529091123068929,1443524801084092421,2021-09-30 10:52:09 UTC,2021-09-30,10:52:09,+0000,1429751322518036484,haryatn50571876,Hobby,,@kompascom revisi UU KPK harus dilaksanakan sesuai skenario awal dan janji komitmenya..ini serial Antasari Azhar jilid kedua .,in,[],[],[],0,0,0,[],[],https://twitter.com/Haryatn50571876/status/1443529091123068929,False,,0,,,,,,,,"[{'screen_name': 'kompascom', 'name': 'Kompas.com', 'id': '23343960'}]",,,,
1443492394175918080,1443490513340932098,2021-09-30 08:26:20 UTC,2021-09-30,08:26:20,+0000,1543066357,ripdemokrasi,New Ã∂ NÃ∂oÃ∂rÃ∂mÃ∂aÃ∂lÃ∂ Orba,,@CNNIndonesia Rezim ini akan dikenang sebagai rezim pembunuh KPK via Revisi UU dan TWK... sdh tak terbantahkan...,in,[],[],[],0,1,10,[],[],https://twitter.com/RipDemokrasi/status/1443492394175918080,False,,0,,,,,,,,"[{'screen_name': 'CNNIndonesia', 'name': 'CNN Indonesia', 'id': '17128975'}]",,,,
1443489557454856192,1443487814557978624,2021-09-30 08:15:03 UTC,2021-09-30,08:15:03,+0000,1347736433298034689,mensosj,ƒπ√Øƒ∫≈ë,,"@kumparan Berawal dari pidato kenegaraan Agustus 2019 lalu diikuti revisi UU KPK jadi UU no 19 2019, lalu pemilihan pimpinan yg tdk transparan. Diakhiri dgn G30S TWK tapi ditawarkan jadi ASN Polri.  Sandiwaranya kotor sekali..  https://t.co/bQFSW8s29u",in,[],[],[],0,0,0,[],[],https://twitter.com/MensosJ/status/1443489557454856192,False,,1,https://pbs.twimg.com/ext_tw_video_thumb/1443489460096684036/pu/img/tb2tX9t04FtS5zaZ.jpg,,,,,,,"[{'screen_name': 'kumparan', 'name': 'kumparan', 'id': '759692754985242625'}]",,,,
1443470710752493568,1443470710752493568,2021-09-30 07:00:10 UTC,2021-09-30,07:00:10,+0000,759692754985242625,kumparan,kumparan,,"Dalam beberapa tahun terakhir, KPK selalu dilanda polemik. Mulai dari revisi UU, seleksi pimpinan yang kontroversi, hingga pemecatan pegawai berdalih TWK. #kumparanNEWS  https://t.co/5Nu50vHck5",in,[],['https://kumparan.com/kumparannews/jalan-panjang-pelemahan-kpk-revisi-uu-pimpinan-bermasalah-hingga-twk-1wd4U8wMskv?utm_medium=post&utm_source=Twitter&utm_campaign=int'],[],1,2,5,['kumparannews'],[],https://twitter.com/kumparan/status/1443470710752493568,False,,0,,,,,,,,[],,,,
1443451643832459269,1443451640355463170,2021-09-30 05:44:24 UTC,2021-09-30,05:44:24,+0000,1305460511199248384,fraksirakyatid,Fraksi Rakyat Indonesia,,Upaya mematikan KPK scr paksa oleh kelompok elit&amp;berbagai pihak mulai dari kasus Cicak vs Buaya (2009) dan revisi UU KPK (2019).Akhirnya eksistensi KPK sbg lembaga anti rasuah makin melemah sjk sejumlah pegawai KPK disisihkan secara tidak adil mlalui Tes Wawasan Kebangsaan (TWK),in,[],[],[],1,4,7,[],[],https://twitter.com/FraksiRakyatID/status/1443451643832459269,False,,0,,,,,,,,[],,,,
1443451378660098050,1443451376911073284,2021-09-30 05:43:21 UTC,2021-09-30,05:43:21,+0000,200804596,gusdurians,Jaringan GUSDURian,,Mereka yang disingkirkan sudah berkiprah di lembaga KPK bertahun-tahun lamanya. Berbagai kasus besar sudah dan sedang ditangani (seperti korupsi Bansos). Revisi UU KPK tahun 2019 yang DITOLAK aliansi masyarakat sipil terbukti membawa madharat yang begitu besar.,in,[],[],[],1,3,10,[],[],https://twitter.com/GUSDURians/status/1443451378660098050,False,,0,,,,,,,,[],,,,
1443451356962906117,1443000291972902913,2021-09-30 05:43:16 UTC,2021-09-30,05:43:16,+0000,1968617191,suherman_wan,Wawan Suherman,,"@JustDonzh @Dagelan17219837 @Bubba_Air @Ozie_67 @RasputinKW @mohmahfudmd Bukanya attackernya kaum kiri. Yg nyerang pake isu radikal siapa, yg ngasih jabatan ketua ke polisi siapa, yg pake TWK buat jegal siapa, yg revisi UU KPK siapa, yg nyiram air keras siapa, yg teror hp mereka siapa, yg nyobek buku merah &amp; laptop siapa?",in,[],[],[],0,0,0,[],[],https://twitter.com/suherman_wan/status/1443451356962906117,False,,0,,,,,,,,"[{'screen_name': 'JustDonzh', 'name': 'Donz', 'id': '122934031'}, {'screen_name': 'Dagelan17219837', 'name': 'bocil', 'id': '1404207681389219840'}, {'screen_name': 'Bubba_Air', 'name': 'Ilyasah Akbar', 'id': '250028118'}, {'screen_name': 'Ozie_67', 'name': 'Mas Ozie', 'id': '74682093'}, {'screen_name': 'RasputinKW', 'name': 'Rasputin KW üè≥Ô∏èüè≥Ô∏èüè≥Ô∏èüè≥Ô∏è', 'id': '44399643'}, {'screen_name': 'mohmahfudmd', 'name': 'Mahfud MD', 'id': '282006208'}]",,,,
1443435509133443075,1443435509133443075,2021-09-30 04:40:17 UTC,2021-09-30,04:40:17,+0000,1393696243616944130,bandung3ergerak,BandungBergerak.id,,Akar pemecatan 57 pegawai KPK ada dua: pimpinan KPK yang bermasalah dan Revisi UU KPK. #KPK #BandungBergerak  https://t.co/a8y8HM4PLg,in,[],['https://bandungbergerak.id/article/detail/1417/pukat-ugm-pemecatan-57-pegawai-kpk-publik-pertanyakan-peran-presiden'],[],0,0,0,"['kpk', 'bandungbergerak']",[],https://twitter.com/Bandung3ergerak/status/1443435509133443075,False,,0,,,,,,,,[],,,,
1443426249179754503,1443426249179754503,2021-09-30 04:03:30 UTC,2021-09-30,04:03:30,+0000,1333619216776269826,muslim98383169,muslim,,Pak Presiden..setuju sekali 56 anggota KPK yg tak lulus TWK dialihkan ASN Polri jadi Penyidik Tipikor. tapi harus ada Kepres. dan berdasarkan kepres itu UU. Kepolisoan di revisi agr ASN bisa menjadi Penyidik.,in,[],[],[],0,0,0,[],[],https://twitter.com/muslim98383169/status/1443426249179754503,False,,0,,,,,,,,[],,,,
1443423922133688321,1443418412676378629,2021-09-30 03:54:15 UTC,2021-09-30,03:54:15,+0000,1138007582876901376,caesardcandra,Caesar DCandra,,"@KorbanMantan14 @CNNIndonesia tujuan sebenarnya memang pembubaran KPK dg pinjam suara rkyt ( nabok nyilih tangan ) yg diawali dg revisi UU KPK, TWK utk menyingkirkan orang""yg hrs disingkirkan.",in,[],[],[],0,0,0,[],[],https://twitter.com/CaesarDcandra/status/1443423922133688321,False,,0,,,,,,,,"[{'screen_name': 'KorbanMantan14', 'name': 'Korban Mantan', 'id': '1356204235168223236'}, {'screen_name': 'CNNIndonesia', 'name': 'CNN Indonesia', 'id': '17128975'}]",,,,
1443333812587356160,1443289707497103367,2021-09-29 21:56:11 UTC,2021-09-29,21:56:11,+0000,1429751322518036484,haryatn50571876,Hobby,,@detikcom Apa gak takut nanti teman2 kang azis protes..karena mereka udah mati2 an revisi UU KPK.,in,[],[],[],0,0,0,[],[],https://twitter.com/Haryatn50571876/status/1443333812587356160,False,,0,,,,,,,,"[{'screen_name': 'detikcom', 'name': 'detikcom', 'id': '69183155'}]",,,,
1443302617472405504,1443292108601761793,2021-09-29 19:52:13 UTC,2021-09-29,19:52:13,+0000,1232069279773626369,aimanjudakusum1,Aiman_Judakusumah üáÆüá©,,"@_SEKNAS_RI @jokowi @KPK_RI @nazaqistsha @yudiharahap46 @girisuprapdiono @mohmahfudmd @ListyoSigitP Apakah pintu utk menunjukkan ""kualitas"" @mohmahfudmd sebenarnya ? Dr sjk ramai revisi UU KPK, signal dr dia mmg butuh dicerna lbh dalam. Apalagi kmrn kasih statement soal ""iseng"" itu.  Kita simak saja, siapapun yg coba ""bermain"" biar terjebak dlm permainannya sendiri.  @KSPgoid",in,"[{'screen_name': 'mohmahfudmd', 'name': 'mahfud md', 'id': '282006208'}, {'screen_name': 'kspgoid', 'name': 'kantor staf presiden', 'id': '772689620576395264'}]",[],[],1,1,1,[],[],https://twitter.com/AimanJudakusum1/status/1443302617472405504,False,,0,,,,,,,,"[{'screen_name': '_SEKNAS_RI', 'name': 'SEKNAS #RI', 'id': '332253511'}, {'screen_name': 'jokowi', 'name': 'Joko Widodo', 'id': '366987179'}, {'screen_name': 'KPK_RI', 'name': 'KPK', 'id': '104714478'}, {'screen_name': 'nazaqistsha', 'name': 'novel baswedan', 'id': '139081308'}, {'screen_name': 'yudiharahap46', 'name': 'Yudi Purnomo Harahap', 'id': '149066414'}, {'screen_name': 'girisuprapdiono', 'name': 'Giri Suprapdiono', 'id': '1372314696'}, {'screen_name': 'mohmahfudmd', 'name': 'Mahfud MD', 'id': '282006208'}, {'screen_name': 'ListyoSigitP', 'name': 'Listyo Sigit Prabowo', 'id': '1431117605775949824'}]",,,,
1443272717474566147,1443000291972902913,2021-09-29 17:53:25 UTC,2021-09-29,17:53:25,+0000,954680337665150976,titiektitiek2,Titiek titiek,,"@Inggar10892898 @Jojo8890475283 @RasputinKW @mohmahfudmd Hahaha guoblokkk, KPK punya komisioner sejak kapan Nat? Sejak Jkw revisi UU KPK Nat? --- Kok penyidik salah?  Mereka BERHASIL OTT BUANYAK koruptor, lho, meski Recehan.  Dimana salahnya penyidik?  Mereka menjalankan tugas yg diberikan dengan baik.  Kamu pernah pecat bawahan?",in,[],[],[],1,0,0,[],[],https://twitter.com/Titiektitiek2/status/1443272717474566147,False,,0,,,,,,,,"[{'screen_name': 'Inggar10892898', 'name': '—óŒ∑‚ù°‚ù°—¶‘ªüÜó', 'id': '1396884070097772545'}, {'screen_name': 'Jojo8890475283', 'name': 'Jojo86', 'id': '1012324503588782082'}, {'screen_name': 'RasputinKW', 'name': 'Rasputin KW üè≥Ô∏èüè≥Ô∏èüè≥Ô∏èüè≥Ô∏è', 'id': '44399643'}, {'screen_name': 'mohmahfudmd', 'name': 'Mahfud MD', 'id': '282006208'}]",,,,
1443262036553596930,1443017268145778697,2021-09-29 17:10:58 UTC,2021-09-29,17:10:58,+0000,556762070,boyaditya17,Boy Aditya,,"@Fahrihamzah Kalo dua tahun lalu ada tuh bang, G30S (STM) pas mereka ikutan demo tolak revisi UU KPK",in,[],[],[],0,0,0,[],[],https://twitter.com/BoyAditya17/status/1443262036553596930,False,,0,,,,,,,,"[{'screen_name': 'Fahrihamzah', 'name': '#FahriHamzah2021', 'id': '120968478'}]",,,,
1443246226049175555,1443246196059893762,2021-09-29 16:08:09 UTC,2021-09-29,16:08:09,+0000,1351906985004814340,fisipunmul,BEM FISIP,,"TWK yang diduga merupakan alat menyingkirkan pegawai berintegritas merupakan dampak revisi UU KPK. Setelah amandemen UU, pegawai KPK wajib alih status menjadi ASN. Pembiaran yang dilakukan oleh Jokowi ini menyebabkan Busyro hampir kehilangan kepercayaan pada Presiden.  https://t.co/nbrb6oF90n",in,[],[],"['https://pbs.twimg.com/media/FAdwySFUYAIcqRt.jpg', 'https://pbs.twimg.com/media/FAdwyR-VQAUKpoV.jpg', 'https://pbs.twimg.com/media/FAdwyTRVIAIJycM.jpg', 'https://pbs.twimg.com/media/FAdwyTPUYAI3DWM.jpg']",1,0,0,[],[],https://twitter.com/fisipunmul/status/1443246226049175555,False,,1,https://pbs.twimg.com/media/FAdwySFUYAIcqRt.jpg,,,,,,,[],,,,
1443215133988192256,1443193765108191232,2021-09-29 14:04:36 UTC,2021-09-29,14:04:36,+0000,1143803113209384960,cadiraksa66,insyaAllah aman di rumah,,@SirianaGde @msaid_didu Revisi uu kpk situ yang bikin sekarang riweuh situ pura pura mikir .. otak dimana otak,in,[],[],[],0,0,1,[],[],https://twitter.com/cadiraksa66/status/1443215133988192256,False,,0,,,,,,,,"[{'screen_name': 'SirianaGde', 'name': 'Siriana', 'id': '302576300'}, {'screen_name': 'msaid_didu', 'name': 'Muhammad Said Didu', 'id': '1117990249806721024'}]",,,,
1443214904756891649,1443000291972902913,2021-09-29 14:03:41 UTC,2021-09-29,14:03:41,+0000,1116294014544703489,darkcruise,darkcruise,,@mohmahfudmd ini akibat dr revisi UU KPK. Pegawai KPK statusnya menjadi PNS dan terkena aturan PP tsb..,in,[],[],[],0,0,0,[],[],https://twitter.com/darkcruise/status/1443214904756891649,False,,0,,,,,,,,"[{'screen_name': 'mohmahfudmd', 'name': 'Mahfud MD', 'id': '282006208'}]",,,,
1443214121894178816,1443208595693133826,2021-09-29 14:00:34 UTC,2021-09-29,14:00:34,+0000,1394509358348660740,yanto_ruski,üáÆüá©SEBA'84‚≠ê‚≠ê,,"@unilubis Peihatin melihat 56 orang ini , dulu mereka ini yg keras menentang Revisi UU KPK , bahkan mengancam akan keluar dr KPK kalo di sahkan. Hingga men-jelek2an Pimp KPK dan melPorkan  ke Dewas KPK blm lama ini.   üëâSkrng dgn menggunakan lembaga2 lain utk ikut mempengaruhi",in,[],[],[],0,0,1,[],[],https://twitter.com/yanto_ruski/status/1443214121894178816,False,,0,,,,,,,,"[{'screen_name': 'unilubis', 'name': 'unilubis', 'id': '85087815'}]",,,,
1443213150577332224,1443173540916699137,2021-09-29 13:56:43 UTC,2021-09-29,13:56:43,+0000,97913015,ratnadewi1392,Ratna Dewi,,@febridiansyah Nih ada surat dari @pengarang_sajak  dijawab ya.. Dear Uni @febridiansyah.. Nanya domz.. Napa yah Sprindik dr KPK ga bocor2 lagi ke Tempe sejak UU KPK di Revisi dan 57 orang jobless di KPK..?  Cm nanyak..,in,"[{'screen_name': 'pengarang_sajak', 'name': 'pengarang puisi‚Ñ¢', 'id': '379288910'}, {'screen_name': 'febridiansyah', 'name': 'febri diansyah', 'id': '1038438863465664512'}]",[],[],0,0,1,[],[],https://twitter.com/ratnadewi1392/status/1443213150577332224,False,,0,,,,,,,,"[{'screen_name': 'febridiansyah', 'name': 'Febri Diansyah', 'id': '1038438863465664512'}]",,,,
1443189685531017222,1443064399116181506,2021-09-29 12:23:28 UTC,2021-09-29,12:23:28,+0000,45363072,jopermadi,Jo Permadi#koppignwa,,"@erasmus70 @thedufresne Mungkin terkait sikap mereka terhadap revisi uu kpk dan pimpinan terpilih ,imho",in,[],[],[],0,0,0,[],[],https://twitter.com/JoPermadi/status/1443189685531017222,False,,0,,,,,,,,"[{'screen_name': 'erasmus70', 'name': 'Erasmus Napitupulu', 'id': '273226220'}, {'screen_name': 'thedufresne', 'name': 'Ismail \uea00', 'id': '70120802'}]",,,,
1443188897643515907,1443185549938855937,2021-09-29 12:20:21 UTC,2021-09-29,12:20:21,+0000,1138007582876901376,caesardcandra,Caesar DCandra,,@CNNIndonesia Njul..kyknya km lbh brmanfaat dn lbh bermartabat klo diem. klo jokwi mendukung pemberantasan korupsi dr awal gkd pengen revisi UU KPK ato dr awal batalkan TWK. apa ada wakaf hidup seseorang njul?  https://t.co/dpAwImN9Bn,in,[],[],['https://pbs.twimg.com/media/FAc8p0RUYAAPM-P.png'],0,0,1,[],[],https://twitter.com/CaesarDcandra/status/1443188897643515907,False,,1,https://pbs.twimg.com/media/FAc8p0RUYAAPM-P.png,,,,,,,"[{'screen_name': 'CNNIndonesia', 'name': 'CNN Indonesia', 'id': '17128975'}]",,,,
1443183544117850115,1443183544117850115,2021-09-29 11:59:04 UTC,2021-09-29,11:59:04,+0000,1241993514398781440,belummati_,Mohammad Iss,,"Kenapa susah buat jujur sih? Kan tinggal ngomong ‚Äúkalau ada mereka, percuma kami revisi UU KPK. Gak lengkap pelemahannya‚Äù",in,[],[],[],0,0,1,[],[],https://twitter.com/belummati_/status/1443183544117850115,False,https://twitter.com/mohmahfudmd/status/1443000291972902913,0,,,,,,,,[],,,,
1443180275878359040,1443180275878359040,2021-09-29 11:46:05 UTC,2021-09-29,11:46:05,+0000,379288910,pengarang_sajak,Pengarang Puisi‚Ñ¢,,Dear Uni @febridiansyah..  Nanya domz..  Napa yah Sprindik dr KPK ga bocor2 lagi ke Tempe sejak UU KPK di Revisi dan 57 orang jobless di KPK..?  Cm nanyak.. Ga jawab juga gpp..,in,"[{'screen_name': 'febridiansyah', 'name': 'febri diansyah', 'id': '1038438863465664512'}]",[],[],84,240,960,[],[],https://twitter.com/pengarang_sajak/status/1443180275878359040,False,,0,,,,,,,,[],,,,
1443156492337614848,1443156479540744195,2021-09-29 10:11:34 UTC,2021-09-29,10:11:34,+0000,1223257202309226496,aldomkal,Aldo M,,"Nahas, rekomendasi dari dua tinjauan PBB tersebut tidak diindahkan Presiden @jokowi dan jajarannya. Revisi UU 30/2002 berangus independensi #KPK. Alih-alih perkuat kapasitas pekerja KPK, Tes Wawasan Kebangsaan (#TWK) singkirkan 56 pegawai berintegritas.",in,"[{'screen_name': 'jokowi', 'name': 'joko widodo', 'id': '366987179'}]",[],[],1,0,0,"['kpk', 'twk']",[],https://twitter.com/aldomkal/status/1443156492337614848,False,,0,,,,,,,,[],,,,
1443133824720728069,1443079901221777411,2021-09-29 08:41:30 UTC,2021-09-29,08:41:30,+0000,1439571153438216195,talktojusticeid,Talk To Justice,,"@kompascom @msaid_didu Pasca revisi UU KPK, KPK masuk kedalam rumpun eksekutif. Artinya presiden sebagai pimpinan tertinggi punya hak dan kewajiban untuk menyelesaikan persoalan ini. Kalau memang presiden tau, kenapa tidak mengusut polemik TWK itu dulu? Kenapa buru2 menyutujui inisiatif polri?",in,[],[],[],0,1,0,[],[],https://twitter.com/TalkToJusticeID/status/1443133824720728069,False,,0,,,,,,,,"[{'screen_name': 'kompascom', 'name': 'Kompas.com', 'id': '23343960'}, {'screen_name': 'msaid_didu', 'name': 'Muhammad Said Didu', 'id': '1117990249806721024'}]",,,,
1443111241090621446,1443111241090621446,2021-09-29 07:11:46 UTC,2021-09-29,07:11:46,+0000,1147499477751586818,hmmurahmurahhm2,Hmmurahmurahhm,,"Pernyataan Jujur Seorang Jendral Polisi Di Tengah Gaduh Negeri Setengah Parpol Berkuasa, Independensi @KPK_RI di Kebiri Dgn Revisi UU KPK, Pegawai Di ASNkan, Penyidik Senior di Singkirkan TWK Yg Jelas Maladministrasi @OmbudsmanRI137 Langgar @KomnasHAM",in,"[{'screen_name': 'kpk_ri', 'name': 'kpk', 'id': '104714478'}, {'screen_name': 'ombudsmanri137', 'name': 'ombudsman ri', 'id': '125923625'}, {'screen_name': 'komnasham', 'name': 'ham untuk semua!', 'id': '183718365'}]",[],[],0,2,2,[],[],https://twitter.com/Hmmurahmurahhm2/status/1443111241090621446,False,https://twitter.com/republikaonline/status/1442839948646752264,0,,,,,,,,[],,,,
1443098914991710211,1443095858765971458,2021-09-29 06:22:47 UTC,2021-09-29,06:22:47,+0000,807941894,herman_chou73,HermanChou,,"@Leonita_Lestari Memang kelakuannay hina dina kok (2019) kalau revisi UU KPK, aku cabut (2021) ke MA, MK, KOmnas HAM mewe minta jadi ASN UWASU",in,[],[],[],0,1,5,[],[],https://twitter.com/herman_chou73/status/1443098914991710211,False,,0,,,,,,,,"[{'screen_name': 'Leonita_Lestari', 'name': 'Nita ‚ùò', 'id': '1202108075231989760'}]",,,,
1443091370730688518,1443091370730688518,2021-09-29 05:52:48 UTC,2021-09-29,05:52:48,+0000,1680355255,mollysabdie,BatalkanOmnibusLaw,,Halah.. Kemunduran KPK itu sudah sejak dulu saat di revisi UU KPK. Bapak juga salah satu org terlibat dalam kemunduran KPK.,in,[],[],[],0,0,0,[],[],https://twitter.com/MollysAbdie/status/1443091370730688518,False,https://twitter.com/Fahrihamzah/status/1443009078578483203,0,,,,,,,,[],,,,
1443090643308273666,1443090643308273666,2021-09-29 05:49:55 UTC,2021-09-29,05:49:55,+0000,336088756,faridgaban,Farid Gaban,,"Menyusul demo besar melawan pelemahan KPK dua tahun lalu, sejumlah elit diundang ke Istana. Demo reda setelah @mohmahfudmd bilang bahwa presiden akan menganulir UU Revisi KPK. Kini jelas: Presiden ingkar janji dan Pak Mahfud tetap jadi menteri, imbalan meredam demo dg kebohongan.",in,"[{'screen_name': 'mohmahfudmd', 'name': 'mahfud md', 'id': '282006208'}]",[],[],29,301,663,[],[],https://twitter.com/faridgaban/status/1443090643308273666,False,,0,,,,,,,,[],,,,
1443090012732641284,1443000291972902913,2021-09-29 05:47:25 UTC,2021-09-29,05:47:25,+0000,1164873894395703298,michaelnur77,ùìúùì≤ùì¨ùì±ùì™ùìÆùìµ ùìùùìæùìª,,"@faridgaban @mohmahfudmd Saya bertanya juga nih prof, dulu waktu ada demo anti revisi UU KPK bahkan mendukung perppu setelah punya jabatan berubah, bisakah itu disebut menunggangi? Mohon pencerahannya. üôè",in,[],[],[],0,0,6,[],[],https://twitter.com/Michaelnur77/status/1443090012732641284,False,,0,,,,,,,,"[{'screen_name': 'faridgaban', 'name': 'Farid Gaban', 'id': '336088756'}, {'screen_name': 'mohmahfudmd', 'name': 'Mahfud MD', 'id': '282006208'}]",,,,
1443073167719690240,1442977796024799234,2021-09-29 04:40:28 UTC,2021-09-29,04:40:28,+0000,1138007582876901376,caesardcandra,Caesar DCandra,,@rahadhian_zaud @detikcom dg revisi UU KPK dn perubahan status kepegawaian KPK udh gk independent lg.,in,[],[],[],0,0,0,[],[],https://twitter.com/CaesarDcandra/status/1443073167719690240,False,,0,,,,,,,,"[{'screen_name': 'rahadhian_zaud', 'name': 'Rahadhian KWW', 'id': '270274151'}, {'screen_name': 'detikcom', 'name': 'detikcom', 'id': '69183155'}]",,,,
1443032322501083148,1441483114803388416,2021-09-29 01:58:10 UTC,2021-09-29,01:58:10,+0000,1428553577291649032,baniada04883533,@baniadam,,"@idrmlyprtm BODOH KUADRAT PANGKAT SEMBILAN LU, ITU UU LAMA...SEJAK REVISI UU KPK ITU JADI DIBAWAH PRESIDEN....TOLOL LU..ü§£ü§£  https://t.co/tq9GxWqYur",in,[],[],['https://pbs.twimg.com/media/FAauP_4VgAYFwfR.png'],1,0,0,[],[],https://twitter.com/baniada04883533/status/1443032322501083148,False,,1,https://pbs.twimg.com/media/FAauP_4VgAYFwfR.png,,,,,,,"[{'screen_name': 'idrmlyprtm', 'name': 'PESAN DARI PAMAN', 'id': '1161373498259857408'}]",,,,
1443026437875724294,1442975218843074561,2021-09-29 01:34:47 UTC,2021-09-29,01:34:47,+0000,86615933,richard_whn,Richard,,"@Hilmi28 Dan ingat juga, Ekasila itu menghilangkan Ketuhanan. Nilai religiusitas dihilangkan semenjak revisi UU KPK. ""Madam"" bilang bahwa yang percaya akhirat seperti peramal masa depan. Agama musuh terbesar Pancasila. Usulan mengganti Assalamualaikum dengan salam Pancasila....",in,[],[],[],1,0,0,[],[],https://twitter.com/richard_whn/status/1443026437875724294,False,,0,,,,,,,,"[{'screen_name': 'Hilmi28', 'name': 'Hilmi Firdausi', 'id': '65067181'}]",,,,
1443013020167258112,1442876000585469954,2021-09-29 00:41:28 UTC,2021-09-29,00:41:28,+0000,1247117741795864576,notyourbabibooo,Bangboy,,"@nggomebias @Ozie_67 @rugeri @girisuprapdiono Sepertinya dr awal ada revisi uu kpk memang masyarakat juga sadar akan pelemahannya, tp saya pribadi tdk mnyangka sampe ada pemecatan dgn dalih gagal twk, terutama kpd org yg dijuluki ""raja ott"" dan lainnya.",in,[],[],[],0,0,1,[],[],https://twitter.com/notyourbabibooo/status/1443013020167258112,False,,0,,,,,,,,"[{'screen_name': 'nggomebias', 'name': 'Weratna', 'id': '220587956'}, {'screen_name': 'Ozie_67', 'name': 'Mas Ozie', 'id': '74682093'}, {'screen_name': 'rugeri', 'name': 'Gerry', 'id': '68844606'}, {'screen_name': 'girisuprapdiono', 'name': 'Giri Suprapdiono', 'id': '1372314696'}]",,,,
1443008084721295363,1442773800257343493,2021-09-29 00:21:51 UTC,2021-09-29,00:21:51,+0000,177548530,piki_ajah,Piki ajah,,"@tempodotco Sejak revisi UU KPK 2019 mulai kurang percaya, skrg stlh TWK jd tdk percaya üòÅ",in,[],[],[],0,0,0,[],[],https://twitter.com/piki_ajah/status/1443008084721295363,False,,0,,,,,,,,"[{'screen_name': 'tempodotco', 'name': 'TEMPO.CO', 'id': '18129942'}]",,,,
1442909048018403328,1442865992598581253,2021-09-28 17:48:19 UTC,2021-09-28,17:48:19,+0000,3107995130,kaptensunyi,Raden Syamill Syafi'i,,@PartaiSocmed Revisi UU KPK Jok...inspirasi Omnigedebusslow Jok....iii Ini orang maunya apa sihh,in,[],[],[],0,0,0,[],[],https://twitter.com/kaptensunyi/status/1442909048018403328,False,,0,,,,,,,,"[{'screen_name': 'PartaiSocmed', 'name': '#99', 'id': '869327120'}]",,,,
1442886140588019714,1442867811865415682,2021-09-28 16:17:18 UTC,2021-09-28,16:17:18,+0000,1396812972614316033,is02chr,Chr.is02 Œ±Œ≤,,"@Syarman59 @detikcom Gw sih yakin pada mau, liat aja endingnya boy, gausah pede dulu lu sama org2 munafik.  Toh si novel dulu jg pernah bilang klo dia mau keluar dari KPK krn UU revisi KPK, eh pas dikabulin malah koar2 minta balik ke KPK",in,[],[],[],0,0,0,[],[],https://twitter.com/Is02Chr/status/1442886140588019714,False,,0,,,,,,,,"[{'screen_name': 'Syarman59', 'name': 'Syarman Lawyer', 'id': '798901988909907968'}, {'screen_name': 'detikcom', 'name': 'detikcom', 'id': '69183155'}]",,,,
1442867392112050188,1442672344053391364,2021-09-28 15:02:48 UTC,2021-09-28,15:02:48,+0000,1249345235139710977,extraharoo,üè≥‚ÄçüåàShorty üè≥‚Äçüåà,,"@doroogdog @MV06_ @PissDoeng @ngurahsaka Reformasi dikorupsi gak cuman ngedemo rkuhp, tapi juga revisi uu kpk, ruu ketenagakerjaan, ruu minerba dll",in,[],[],[],0,0,0,[],[],https://twitter.com/extraharoo/status/1442867392112050188,False,,0,,,,,,,,"[{'screen_name': 'doroogdog', 'name': 'soon 2nd dose...', 'id': '1331903942154887169'}, {'screen_name': 'MV06_', 'name': 'Arin', 'id': '1120797608'}, {'screen_name': 'PissDoeng', 'name': 'calon kades üá≤üá®üá≤üá®', 'id': '1195200541523005441'}, {'screen_name': 'ngurahsaka', 'name': 'Bli Saka', 'id': '68385227'}]",,,,
1442811210756358147,1442696181448994822,2021-09-28 11:19:33 UTC,2021-09-28,11:19:33,+0000,1194298475963269121,adhonj,adhon justice,,@Kristia33814004 @FerdinandHaean3 @PandumNarimo partai itu koalisi di pusat lo diam aja... pindah ibu kita partai itu dukung lo diam aja Proyek kereta api cepat partai itu dukung lo diam aja partai itu dukung revisi uu kpk lo diam aja  lo itu benci korupsi atau sayank korupsiü§£,in,[],[],[],0,0,2,[],[],https://twitter.com/AdhonJ/status/1442811210756358147,False,,0,,,,,,,,"[{'screen_name': 'Kristia33814004', 'name': 'Kristüá≤üá®', 'id': '1163729600519606272'}, {'screen_name': 'FerdinandHaean3', 'name': 'Ferdinand Hutahaean', 'id': '1266163382807224320'}, {'screen_name': 'PandumNarimo', 'name': 'Narimo üáÆüá© #AutoFolback', 'id': '1190530742553460736'}]",,,,
1442800098665119745,1442800098665119745,2021-09-28 10:35:24 UTC,2021-09-28,10:35:24,+0000,16995323,iskandarjet,ISJET,,Revisi UU KPK akhirnya memperoleh hasil yg diinginkan: kepercayaan publik turun terus. Lembaga ini pun punya alasan untuk dibubarkan.  #MesinKorupsi,in,[],[],[],0,0,0,['mesinkorupsi'],[],https://twitter.com/iskandarjet/status/1442800098665119745,False,https://twitter.com/febridiansyah/status/1442172864862429194,0,,,,,,,,[],,,,
1442788653869142021,1442788283356889092,2021-09-28 09:49:55 UTC,2021-09-28,09:49:55,+0000,75362544,bem_its,BEM ITS,,"Setelah Revisi UU tidak cukup untuk melemahkan KPK, Para pegawai yang loyal dengan KPK pun dipecat akhrnya. Lucunya negeri ini, Komisi Pemberantasan Korupsi malah dikebiri.  https://t.co/DZH3jMp6oq",in,[],[],['https://pbs.twimg.com/media/FAXQokCUcAErujs.jpg'],1,0,0,[],[],https://twitter.com/BEM_ITS/status/1442788653869142021,False,,1,https://pbs.twimg.com/media/FAXQokCUcAErujs.jpg,,,,,,,[],,,,
1442788283356889092,1442788283356889092,2021-09-28 09:48:27 UTC,2021-09-28,09:48:27,+0000,75362544,bem_its,BEM ITS,,KPK MEMBERANTAS ATAU MERINGANKAN KORUPTOR ?!  Halo KM ITS dan Indonesia!  Pengalihan pegawai KPK menjadi ASN adalah hasil dari revisi UU KPK. Yang sedang kita saksikan adalah satu koreksi untuk meluruskan cara berpikir kita tentang penegakan hukum dan cara kita memandang korupsi.  https://t.co/kKt6ApGBlM,in,[],[],"['https://pbs.twimg.com/media/FAXQSQkVcAQo2Mg.jpg', 'https://pbs.twimg.com/media/FAXQSfQVUAg1FvG.jpg', 'https://pbs.twimg.com/media/FAXQSxjUUAAWK8J.jpg', 'https://pbs.twimg.com/media/FAXQTA9VgAYPUtx.jpg']",1,1,2,[],[],https://twitter.com/BEM_ITS/status/1442788283356889092,False,,1,https://pbs.twimg.com/media/FAXQSQkVcAQo2Mg.jpg,,,,,,,[],,,,
1442767859872980997,1442767859872980997,2021-09-28 08:27:17 UTC,2021-09-28,08:27:17,+0000,735818013396471809,henaristory,Henari,,"Sikap Bpk Presiden thd soal penyingkiran anak2 bangsa terbaik di #KPK ini tentu saja akan dicatat sejarah, Pak @jokowi . Dari UU hasil revisi ttg KPK 2019, presiden tidak bisa lepas tangan.  Ini salah satu kesempatan utk bertindak tepat dan menarik simpati rakyat  #G30STWK",in,"[{'screen_name': 'jokowi', 'name': 'joko widodo', 'id': '366987179'}]",[],[],0,0,2,"['kpk', 'g30stwk']",[],https://twitter.com/henaristory/status/1442767859872980997,False,https://twitter.com/febridiansyah/status/1442349576581644294,0,,,,,,,,[],,,,
1442756042727723008,1442756042727723008,2021-09-28 07:40:20 UTC,2021-09-28,07:40:20,+0000,58429661,siandi_,Andi,,"UU yang mana? Polri dan Kejaksaan yang harusnya direformasi, malah KPK yang kena revisi UU.",in,[],[],[],0,0,1,[],[],https://twitter.com/SiAndi_/status/1442756042727723008,False,https://twitter.com/Fahrihamzah/status/1442720062264152066,0,,,,,,,,[],,,,
1442744362996170752,1442744362996170752,2021-09-28 06:53:55 UTC,2021-09-28,06:53:55,+0000,1049711295799296001,uyaboira,Ario Bayu,,"Bang, yg perlu dibenahi itu Polri dan Kejaksaan. Kayak pura-pura ngga tau aja gimana level profesionalitas kedua institusi tsb. Mau dibenahi dan diobati boroknya, eh, malah revisi UU KPK.  Di podcast Deddy Corbuzier bicara soal public wisdom, tenang aja, rakyat yg mengawasi KPK.",in,[],[],[],1,1,2,[],[],https://twitter.com/uyaboira/status/1442744362996170752,False,https://twitter.com/Fahrihamzah/status/1442720062264152066,0,,,,,,,,[],,,,
1442696376341598211,1442426248974639104,2021-09-28 03:43:14 UTC,2021-09-28,03:43:14,+0000,720230959124090881,masuksoerga,revin,,"@emyon9 @acykvacy @Weird11622025 @RadityaChavvah Demo September 2019 kan menentang revisi UU KPK mas. Otomatis kepentingan semua orang dong. Kecuali mungkin masnya anak koruptor, ya beda kasus",in,[],[],[],1,1,12,[],[],https://twitter.com/masuksoerga/status/1442696376341598211,False,,0,,,,,,,,"[{'screen_name': 'emyon9', 'name': 'Woody_', 'id': '1268574295757778944'}, {'screen_name': 'acykvacy', 'name': 'acy', 'id': '371548989'}, {'screen_name': 'Weird11622025', 'name': 'Weird', 'id': '1408778379948482563'}, {'screen_name': 'RadityaChavvah', 'name': 'Raditya Chavvah', 'id': '482815542'}]",,,,
1442684665970581504,1442430061337059329,2021-09-28 02:56:42 UTC,2021-09-28,02:56:42,+0000,1138119945672245248,bennyridwan_,Ben,,"@democrazymedia Dahulu kala, yg pro UU KPK di revisi   https://t.co/xis6ymnK7o",in,[],['https://twitter.com/BennyRidwan_/status/1410781682458714112?s=19'],[],0,0,0,[],[],https://twitter.com/BennyRidwan_/status/1442684665970581504,False,https://twitter.com/BennyRidwan_/status/1410781682458714112?s=19,0,,,,,,,,"[{'screen_name': 'democrazymedia', 'name': 'DEMOCRAZY News', 'id': '1243804423001763841'}]",,,,
1442673456768716803,1442668461549785094,2021-09-28 02:12:10 UTC,2021-09-28,02:12:10,+0000,497689410,luthfihr_,Luthfi Hafidz R,,"Seiring brjalannya waktu, pas udh makin lama blajar in faculteit recht (seolah gmau keliatan sadar atas keluguannya), pas tanya sama yg prnh ikutan aksi pasti bkal bilang ""dulu gua ikut nuntut yg Revisi UU KPK aja, bkn RKUHP"". Alah kachuk! ga peduli, wong itu msh satu agenda kok.",in,[],[],[],1,0,5,[],[],https://twitter.com/luthfihr_/status/1442673456768716803,False,,0,,,,,,,,[],,,,
1442645685598228486,1442645685598228486,2021-09-28 00:21:49 UTC,2021-09-28,00:21:49,+0000,118928073,senjadanudara,nama tidak boleh kosong,,Mengenang para pahlawan mahasiswa yang turun ke jalan menolak revisi UU KPK dll.   #septemberberduka  https://t.co/YSBOvO8OxF,in,[],[],"['https://pbs.twimg.com/media/FAVOmN6UcAEVTpe.jpg', 'https://pbs.twimg.com/media/FAVOmboVEAUKX8s.jpg', 'https://pbs.twimg.com/media/FAVOmwWVQAUXGQf.jpg']",1,0,1,['septemberberduka'],[],https://twitter.com/senjadanudara/status/1442645685598228486,False,,1,https://pbs.twimg.com/media/FAVOmN6UcAEVTpe.jpg,,,,,,,[],,,,
1442637175485501442,1442637175485501442,2021-09-27 23:48:00 UTC,2021-09-27,23:48:00,+0000,187751094,mastenky,KambingBerteknologi,,Revisi UU KPK buat siapa ? Omnibus law titipan siapa ? #DPRSarangKoruptor  https://t.co/W09LFHSLAI,in,[],[],['https://pbs.twimg.com/media/FATsF4RVkAcdAG9.jpg'],0,0,1,['dprsarangkoruptor'],[],https://twitter.com/masTenky/status/1442637175485501442,False,,1,https://pbs.twimg.com/media/FATsF4RVkAcdAG9.jpg,,,,,,,[],,,,
1442620019653758984,1442620019653758984,2021-09-27 22:39:49 UTC,2021-09-27,22:39:49,+0000,152503266,avdvl,Bedu pake L.,,"Lebih nyata dan urgent untuk revisi UU Tipikor. Aparat penegak hukum (KPK, Kejaksaan, Polisi) memang performanya belum optimal. Tapi tidak jadi alasan untuk mengkerdilkan fungsi, wujud, dan tindak tanduknya.  https://t.co/G5P42OvV3P",in,[],['https://data.tempo.co/data/1208/icw-angka-penindakan-kasus-korupsi-semester-1-2021-naik-jika-dibandingkan-tahun-sebelumnya'],[],1,0,0,[],[],https://twitter.com/AVDVL/status/1442620019653758984,False,,0,,,,,,,,[],,,,
1442489050552680454,1442384390277844994,2021-09-27 13:59:24 UTC,2021-09-27,13:59:24,+0000,1124549620527271938,ansyori_riduan,AnRi Aja,,"@Aareuyan Mahasiswa harusnya belajar dari pengalaman Pemerintah yg kuat TIDAK akan Jatuh krn Demo ( ingat tolak UU Revisi KPK/CK ) Jika Jatuh ORBA dikira akibat Demo itu Salah besar walau tidak dipungkiri banyak demo ketika itu berapa Cad Visa neg ,Tagihan Hutang jatuh tempo ( IMF ?)",in,[],[],[],0,0,1,[],[],https://twitter.com/ansyori_riduan/status/1442489050552680454,False,,0,,,,,,,,"[{'screen_name': 'Aareuyan', 'name': 'Aa', 'id': '1200614453575704577'}]",,,,
1442468187635740683,1442468187635740683,2021-09-27 12:36:30 UTC,2021-09-27,12:36:30,+0000,4436663774,ronin4711,Ronin Askobar,,"Jika Jokowi gak mengikuti anjuran/saran/tuntutan BEM, apa selanjutnya yang terjadi? Masih ingatkan dengan Revisi UU KPK. Wong ndablek dan Otoriter gak mempan sama Demo...  https://t.co/Or2xWd01lc",in,[],[],['https://pbs.twimg.com/media/FAStK8QVUAEXkEy.jpg'],0,0,0,[],[],https://twitter.com/ronin4711/status/1442468187635740683,False,https://twitter.com/tempodotco/status/1442376822168064004,1,https://pbs.twimg.com/media/FAStK8QVUAEXkEy.jpg,,,,,,,[],,,,
1442464977114185729,1442443478928027649,2021-09-27 12:23:44 UTC,2021-09-27,12:23:44,+0000,1543066357,ripdemokrasi,New Ã∂ NÃ∂oÃ∂rÃ∂mÃ∂aÃ∂lÃ∂ Orba,,"@Sitifatimahmal2 @CNNIndonesia Norak lu... tanya tu siapa diblkg Firli sm aktor revisi UU KPK.. org yg isi seminar TWK kok bs2 ga lulus,raja OTT tukang tangkep koruptor kelas kakap... dasar prokoruptor ga tau malu",in,[],[],[],0,0,2,[],[],https://twitter.com/RipDemokrasi/status/1442464977114185729,False,,0,,,,,,,,"[{'screen_name': 'Sitifatimahmal2', 'name': 'ŸÅÿßÿ∑ŸÖÿ© ÿ∑ÿßŸáÿ±', 'id': '965267211907665920'}, {'screen_name': 'CNNIndonesia', 'name': 'CNN Indonesia', 'id': '17128975'}]",,,,
1442436664492584973,1442164608911900676,2021-09-27 10:31:14 UTC,2021-09-27,10:31:14,+0000,1265202480637284352,belau_antu,Call me JAKA,,"@Fahrihamzah @KPK_RI @KejaksaanRI Itukan perbandingan antara kejaksaan dan kpk gak seimbang baik petugas dan luas cakupan wilayah yg bisa ditangani, jadi agak naif kalau dibandingkan...belum lagi imfact dari revisi UU KPK serta kinerja ketua kpk yg selarang.",in,[],[],[],0,0,0,[],[],https://twitter.com/belau_antu/status/1442436664492584973,False,,0,,,,,,,,"[{'screen_name': 'Fahrihamzah', 'name': '#FahriHamzah2021', 'id': '120968478'}, {'screen_name': 'KPK_RI', 'name': 'KPK', 'id': '104714478'}, {'screen_name': 'KejaksaanRI', 'name': 'Kejaksaan RI', 'id': '705276546735407104'}]",,,,
1442431126480457735,1442431126480457735,2021-09-27 10:09:14 UTC,2021-09-27,10:09:14,+0000,124390203,beritakbr,KBR,,"Keraguan publik kepada KPK menguat, terutama ketika revisi UU KPK disahkan dan pemecatan 57 pegawainya.  Masihkah KPK bisa diselamatkan?   Bagaimana cara mengembalikan maruah KPK?   Kami bahas di #KBRSore  https://t.co/u6VeaTwlKl  #PodcastIndonesia  https://t.co/t2yF5a4OFJ",in,[],['https://bit.ly/39L6UmU'],['https://pbs.twimg.com/media/FASLZlIUcAEM_LP.jpg'],0,0,0,"['kbrsore', 'podcastindonesia']",[],https://twitter.com/beritaKBR/status/1442431126480457735,False,,1,https://pbs.twimg.com/media/FASLZlIUcAEM_LP.jpg,,,,,,,[],,,,
1442431076421431302,1442431076421431302,2021-09-27 10:09:02 UTC,2021-09-27,10:09:02,+0000,1280621521,vgwghe,virgiawan,,Semenjak demo mahasiswa soal revisi UU KPK Kemaren gw jd kurang yakin sama  demo yg sekarang ..,in,[],[],[],0,0,0,[],[],https://twitter.com/VgwGhe/status/1442431076421431302,False,,0,,,,,,,,[],,,,
1442380336487297031,1442380336487297031,2021-09-27 06:47:25 UTC,2021-09-27,06:47:25,+0000,1592265913,4democracyid,4DemocracyID üåè,,Memperingati 2 tahun gugurnya Randi &amp; Yusuf Kardawi Mahasiswa Halu Oleo Kendari Pejuang Anti Korupsi Indonesia (Menolak Revisi UU KPK 26 September 2019).  Mahasiswa Kendari Bergerak!!  Teriakan  R E V O L U S I  Menggema ke Seantero Negeri.  #ReformasiDikorupsi  #G30STWK  https://t.co/82U5vdebMI,in,[],[],[],0,2,4,"['reformasidikorupsi', 'g30stwk']",[],https://twitter.com/4DemocracyID/status/1442380336487297031,False,,1,https://pbs.twimg.com/ext_tw_video_thumb/1442380302299525122/pu/img/zIkS8zQ0nDR4B3Co.jpg,,,,,,,[],,,,
1442378298231693314,1442305072734474246,2021-09-27 06:39:19 UTC,2021-09-27,06:39:19,+0000,1124549620527271938,ansyori_riduan,AnRi Aja,,@DiantyYasmin3 Info demo mhs menolak UU Cipta Karya( revisi UU KPK itu dari dlm kpk yg mrk banyak mundur ketika tetap di UU Revisi KPK,in,[],[],[],0,1,1,[],[],https://twitter.com/ansyori_riduan/status/1442378298231693314,False,,0,,,,,,,,"[{'screen_name': 'DiantyYasmin3', 'name': 'Dianty_Yasmin3', 'id': '1153596646418071552'}]",,,,
1442376644153335814,1442021145084002305,2021-09-27 06:32:44 UTC,2021-09-27,06:32:44,+0000,1048570824574230528,ronnieojol,pejuang retjeh,,@Hate_Fiona @Fahrihamzah Fahri itu marah krn kpk berani ott anggota dewan...sbg anggota dewan merasa di rendah kan dan di permalukan kpk.....itu knp di ajukan revisi uu kpk........hahahhahhaha......klo kaga mau di rendah kan jgn lakukan hal hal rendah.....simple.......,in,[],[],[],0,0,0,[],[],https://twitter.com/Ronnieojol/status/1442376644153335814,False,,0,,,,,,,,"[{'screen_name': 'Hate_Fiona', 'name': 'Fiona', 'id': '1141036753'}, {'screen_name': 'Fahrihamzah', 'name': '#FahriHamzah2021', 'id': '120968478'}]",,,,
1442374732863741952,1442374732863741952,2021-09-27 06:25:08 UTC,2021-09-27,06:25:08,+0000,1212953202993160197,naro662,AntiJongos@naro66,,"Teruslah berjuang adek mahasiswa, perjuangan penegakan hukum di KPK. ada pelemahan dari dalam dan luar kpk, dimulai dari revisi uu kpk.",in,[],[],[],0,1,1,[],[],https://twitter.com/naro662/status/1442374732863741952,False,https://twitter.com/Resty442_/status/1442370518020018179,0,,,,,,,,[],,,,
1442363802167615499,1442341477003128834,2021-09-27 05:41:42 UTC,2021-09-27,05:41:42,+0000,2223403536,zulzamangmni,Zulzaman Gmni,,@CNNIndonesia Mahasiswa Kendari Gelar Demonstrasi memperingati 2 tahun Kematian Randi-Yusuf saat aksi menolak Revisi UU KPK 26 September 2019. #mahasiswakendari #BEMSI  https://t.co/5OyyRF4F1N,in,[],[],[],0,23,70,"['mahasiswakendari', 'bemsi']",[],https://twitter.com/Zulzamangmni/status/1442363802167615499,False,,1,https://pbs.twimg.com/ext_tw_video_thumb/1442363735021031424/pu/img/OwZdYWtbmGZjDweg.jpg,,,,,,,"[{'screen_name': 'CNNIndonesia', 'name': 'CNN Indonesia', 'id': '17128975'}]",,,,
1442358213752475649,1441751094019776524,2021-09-27 05:19:30 UTC,2021-09-27,05:19:30,+0000,2656576201,smartade091,Sarbono,,"@Fahrihamzah Hari ini, 26 September, 2 tahun lalu Randy meninggal ditembak saat demonstrasi menolak revisi UU KPK. Esoknya, Yusuf Kardawi yg koma saat dibawa ke RS pun berpulang.   https://t.co/V37ZpRpk9t  Al-Fatihah utk para pejuang..   Skrang, kt lihat rngkaian pelemahan KPK terus terjadi.",in,[],['https://news.detik.com/berita/d-5740133/mahasiswa-di-kendari-gelar-aksi-bikin-mosaik-randi-yusuf-untuk-mengenang?tag_from=wpm_nhl_12'],[],0,0,0,[],[],https://twitter.com/smartAde091/status/1442358213752475649,False,,0,,,,,,,,"[{'screen_name': 'Fahrihamzah', 'name': '#FahriHamzah2021', 'id': '120968478'}]",,,,
1442354727853846529,1442340479580852225,2021-09-27 05:05:39 UTC,2021-09-27,05:05:39,+0000,1429751322518036484,haryatn50571876,Hobby,,@tvOneNews Betul mas...itulah kenapa mereka mati2 an melakukan revisi UU KPK ..dan termyata sukses..NKRI sudah jadi 10 negara terkorup di dunia..,in,[],[],[],0,0,0,[],[],https://twitter.com/Haryatn50571876/status/1442354727853846529,False,,0,,,,,,,,"[{'screen_name': 'tvOneNews', 'name': 'tvOneNews', 'id': '55507370'}]",,,,
1442317208277839882,1442144428848783360,2021-09-27 02:36:34 UTC,2021-09-27,02:36:34,+0000,142563234,lordsalty57_,AstraBoi üíâüíâ (Vaccinated),,"@Boediantar4 @democrazymedia Pasti tahu, justru mereka seneng pnya presiden yg powerless, jadi gampang diatur. Smua UU revisi KPK, omnibus law (tenaga kerja) itu pesanan oligarki, koh jowi awalnya mmg pura¬≤ menolak, tp smua di lolosin kok.",in,[],[],[],0,1,1,[],[],https://twitter.com/lordsalty57_/status/1442317208277839882,False,,0,,,,,,,,"[{'screen_name': 'Boediantar4', 'name': 'boediantara', 'id': '1383750727575605257'}, {'screen_name': 'democrazymedia', 'name': 'DEMOCRAZY News', 'id': '1243804423001763841'}]",,,,
1442304546252857351,1442164608911900676,2021-09-27 01:46:15 UTC,2021-09-27,01:46:15,+0000,2403574648,asfan_warah,Hasbi,,"@Fahrihamzah @KPK_RI @KejaksaanRI Mgk bisa diperlihatkan jg data di tahun2 sblmnya, sblm revisi UU KPK dan setelah revisi",in,[],[],[],0,0,1,[],[],https://twitter.com/asfan_warah/status/1442304546252857351,False,,0,,,,,,,,"[{'screen_name': 'Fahrihamzah', 'name': '#FahriHamzah2021', 'id': '120968478'}, {'screen_name': 'KPK_RI', 'name': 'KPK', 'id': '104714478'}, {'screen_name': 'KejaksaanRI', 'name': 'Kejaksaan RI', 'id': '705276546735407104'}]",,,,
1442294047524016128,1442158869510180871,2021-09-27 01:04:32 UTC,2021-09-27,01:04:32,+0000,1061855555864551424,yoeandha01,yuanda,,@Fahrihamzah @KPK_RI Mungkin kanda @Fahrihamzah Belum baca berita beberapa hari lalu...  Apa yg kanda sampaikan bahwa KPK menjadi alat pemuas segelintir orang itu terjadi hari ini.  Setelah revisi UU KPK yg baru Setelah ketua nya kanda puji habis2an...  https://t.co/KJAhYivRO2,in,"[{'screen_name': 'fahrihamzah', 'name': '#fahrihamzah2021', 'id': '120968478'}]",['https://www.google.com/amp/s/koran.tempo.co/amp/metro/468196/pimpinan-kpk-diduga-perintahkan-pemeriksaan-anies-baswedan'],[],0,0,0,[],[],https://twitter.com/yoeandha01/status/1442294047524016128,False,,0,,,,,,,,"[{'screen_name': 'Fahrihamzah', 'name': '#FahriHamzah2021', 'id': '120968478'}, {'screen_name': 'KPK_RI', 'name': 'KPK', 'id': '104714478'}]",,,,
1442277405893169158,1442158869510180871,2021-09-26 23:58:24 UTC,2021-09-26,23:58:24,+0000,243460956,edogawa55,Irfan,,"@Fahrihamzah @KPK_RI berarti ada ""KPK waktu itu"" dan ""KPK waktu sekarang"" itu di mana pemisahnya Pak? Revisi UU KPK Kah? setelah revisi KPK orangnya tetap sama saja. jd yang busuk siapa sebetulnya?",in,[],[],[],0,0,0,[],[],https://twitter.com/edogawa55/status/1442277405893169158,False,,0,,,,,,,,"[{'screen_name': 'Fahrihamzah', 'name': '#FahriHamzah2021', 'id': '120968478'}, {'screen_name': 'KPK_RI', 'name': 'KPK', 'id': '104714478'}]",,,,
1442270238540660737,1442265570871676932,2021-09-26 23:29:55 UTC,2021-09-26,23:29:55,+0000,1243584444088254464,sitimar37923762,siti mariyah,,@Fahrihamzah @KPK_RI jd revisi uu kpk itu menyingkirkan ke 56 pegawai kpk itu pak?,in,[],[],[],0,0,0,[],[],https://twitter.com/sitimar37923762/status/1442270238540660737,False,,0,,,,,,,,"[{'screen_name': 'Fahrihamzah', 'name': '#FahriHamzah2021', 'id': '120968478'}, {'screen_name': 'KPK_RI', 'name': 'KPK', 'id': '104714478'}]",,,,
1442265570871676932,1442265570871676932,2021-09-26 23:11:22 UTC,2021-09-26,23:11:22,+0000,120968478,fahrihamzah,#FahriHamzah2021,,Saya tau sekarang orientasi @KPK_RI pada aset recovery tinggi. Ini akibat revisi UU KPK. #MajuTerusKPK üí™üáÆüá©,in,"[{'screen_name': 'kpk_ri', 'name': 'kpk', 'id': '104714478'}]",[],[],83,174,669,['majuteruskpk'],[],https://twitter.com/Fahrihamzah/status/1442265570871676932,False,https://twitter.com/Syarman59/status/1442165130377129985,0,,,,,,,,[],,,,
1442258999395569667,1442164608911900676,2021-09-26 22:45:15 UTC,2021-09-26,22:45:15,+0000,1033495379843538944,bm_pij,Pij@r SVMB‚àÜW‚àÜ,,@Fahrihamzah @KPK_RI @KejaksaanRI Setelah revisi UU kpk melempem.,in,[],[],[],0,0,0,[],[],https://twitter.com/bm_pij/status/1442258999395569667,False,,0,,,,,,,,"[{'screen_name': 'Fahrihamzah', 'name': '#FahriHamzah2021', 'id': '120968478'}, {'screen_name': 'KPK_RI', 'name': 'KPK', 'id': '104714478'}, {'screen_name': 'KejaksaanRI', 'name': 'Kejaksaan RI', 'id': '705276546735407104'}]",,,,
1442257082518933510,1442164608911900676,2021-09-26 22:37:38 UTC,2021-09-26,22:37:38,+0000,1317750858256240640,anakodok2009,rajinCUCITANGAN,,"@Fahrihamzah @KPK_RI @KejaksaanRI Jgn kura2 dlm perahu dong. Buka data dr thn2 sblmnya, bgmn menurunnya performa KPK pasca revisi UU KPK hasil kerja pmrnth-DPR itu lho haha",in,[],[],[],0,0,0,[],[],https://twitter.com/anakodok2009/status/1442257082518933510,False,,0,,,,,,,,"[{'screen_name': 'Fahrihamzah', 'name': '#FahriHamzah2021', 'id': '120968478'}, {'screen_name': 'KPK_RI', 'name': 'KPK', 'id': '104714478'}, {'screen_name': 'KejaksaanRI', 'name': 'Kejaksaan RI', 'id': '705276546735407104'}]",,,,
1442249262562091009,1442164608911900676,2021-09-26 22:06:34 UTC,2021-09-26,22:06:34,+0000,778460697483055104,deniikhwan4,Deni Ikhwan,,"@Fahrihamzah @KPK_RI @KejaksaanRI Apakah itu tujuan revisi UU KPK ?.. Katanya utk memperkuat , kok nyatanya jadi melemah . Evaluasi dong apa penyebabnya .",in,[],[],[],0,0,0,[],[],https://twitter.com/DeniIkhwan4/status/1442249262562091009,False,,0,,,,,,,,"[{'screen_name': 'Fahrihamzah', 'name': '#FahriHamzah2021', 'id': '120968478'}, {'screen_name': 'KPK_RI', 'name': 'KPK', 'id': '104714478'}, {'screen_name': 'KejaksaanRI', 'name': 'Kejaksaan RI', 'id': '705276546735407104'}]",,,,
1442247013681164294,1442164608911900676,2021-09-26 21:57:38 UTC,2021-09-26,21:57:38,+0000,1416652108275666948,2ul65t,65T. 2UL,,"@bungastro @kanakoetai @Fahrihamzah @KPK_RI @KejaksaanRI Solusinya yg paling mudah adalah, cabut revisi UUKPK dan kembali ke UU KPK yg lama, serta aktifkan kembali petugas KPK yg dipecat, mnrt sy lho üôèüëçüëç",in,[],[],[],2,0,0,[],[],https://twitter.com/2ul65t/status/1442247013681164294,False,,0,,,,,,,,"[{'screen_name': 'bungastro', 'name': 'Untung Suropati', 'id': '1433078931226198018'}, {'screen_name': 'kanakoetai', 'name': 'MuhammadJainS', 'id': '560143294'}, {'screen_name': 'Fahrihamzah', 'name': '#FahriHamzah2021', 'id': '120968478'}, {'screen_name': 'KPK_RI', 'name': 'KPK', 'id': '104714478'}, {'screen_name': 'KejaksaanRI', 'name': 'Kejaksaan RI', 'id': '705276546735407104'}]",,,,
1442178917448630283,1442164608911900676,2021-09-26 17:27:02 UTC,2021-09-26,17:27:02,+0000,1286936602703323136,marconi70456466,Cony Silado,,"@Fahrihamzah @pengarang_sajak @KPK_RI @KejaksaanRI KPK  hari ini produk nya revisi UU KPK ketika anda  menjadi wk ketua dpr saat itu kan !? Revisi kontroversial karena bernuansa pelemahan dsb menjadi master piece menurut anda2 di parlemen saat itu. Jadi nikmati saja, ga usah lempar batu sembunyi tangan!!",in,[],[],[],1,0,1,[],[],https://twitter.com/Marconi70456466/status/1442178917448630283,False,,0,,,,,,,,"[{'screen_name': 'Fahrihamzah', 'name': '#FahriHamzah2021', 'id': '120968478'}, {'screen_name': 'pengarang_sajak', 'name': 'Pengarang Puisi‚Ñ¢', 'id': '379288910'}, {'screen_name': 'KPK_RI', 'name': 'KPK', 'id': '104714478'}, {'screen_name': 'KejaksaanRI', 'name': 'Kejaksaan RI', 'id': '705276546735407104'}]",,,,
1442173790226583553,1442172864862429194,2021-09-26 17:06:40 UTC,2021-09-26,17:06:40,+0000,72081173,salendra18,Salendra Yopi,,@febridiansyah @Indikator @BurhanMuhtadi @republikaonline KPK skrg dan kedepannya akan sangat memprihatinkan. Semua bermula saat revisi UU KPK. Ditambah pelanggaran yg dilakukan pimpinan KPK serta yg paling kontroversial ya TWK itu.,in,[],[],[],3,0,2,[],[],https://twitter.com/salendra18/status/1442173790226583553,False,,0,,,,,,,,"[{'screen_name': 'febridiansyah', 'name': 'Febri Diansyah', 'id': '1038438863465664512'}, {'screen_name': 'Indikator', 'name': 'Indikator', 'id': '20581162'}, {'screen_name': 'BurhanMuhtadi', 'name': 'Burhan Muhtadi (IG: Burhanuddin Muhtadi)', 'id': '134742518'}, {'screen_name': 'republikaonline', 'name': 'Republika.co.id', 'id': '22126902'}]",,,,
1442170639175979015,1442164608911900676,2021-09-26 16:54:09 UTC,2021-09-26,16:54:09,+0000,1343614670175756288,merdekja,J. Kusuma,,"@Fahrihamzah @KPK_RI @KejaksaanRI Sebaliknya, Anda yang juga mantan wakil rakyat alias DPR jangan kebanyakan gaya, apa gunanya jika Anda sebelumnya punya kekusaan tidak digunakan sebaiknya. Maaf Bang FH yang terhormat, apakah Anda juga ikut menyepakati Revisi UU KPK saat itu?",in,[],[],[],0,0,5,[],[],https://twitter.com/Merdekja/status/1442170639175979015,False,,0,,,,,,,,"[{'screen_name': 'Fahrihamzah', 'name': '#FahriHamzah2021', 'id': '120968478'}, {'screen_name': 'KPK_RI', 'name': 'KPK', 'id': '104714478'}, {'screen_name': 'KejaksaanRI', 'name': 'Kejaksaan RI', 'id': '705276546735407104'}]",,,,
1442169976283013125,1442169976283013125,2021-09-26 16:51:31 UTC,2021-09-26,16:51:31,+0000,1343614670175756288,merdekja,J. Kusuma,,"Sebaliknya, Anda yang juga mantan wakil rakyat alias DPR jangan kebanyakan gaya, apa gunanya jika Anda sebelumnya punya kekusaan tidak digunakan sebaiknya. Malah ikut menyepakati Revisi UU KPK?",in,[],[],[],0,0,0,[],[],https://twitter.com/Merdekja/status/1442169976283013125,False,https://twitter.com/Fahrihamzah/status/1442164608911900676,0,,,,,,,,[],,,,
1442164869596254216,1442163137038278673,2021-09-26 16:31:13 UTC,2021-09-26,16:31:13,+0000,52973084,dakhnan,Pak D,,"@Fahrihamzah @KPK_RI Dulu rada suka dengan sikap kritis Anda. Sejak Anda mendukung revisi UU KPK, terlebih setelah mendukung keluarga rezim di Pilkada, selesai lah sudah. Saatnya unfollow Suara Anda gak mewakili siapa2 lagi kecuali ego Anda pribadi yang merasa benar dan sukses mengebiri KPK.",in,[],[],[],3,0,4,[],[],https://twitter.com/Dakhnan/status/1442164869596254216,False,,0,,,,,,,,"[{'screen_name': 'Fahrihamzah', 'name': '#FahriHamzah2021', 'id': '120968478'}, {'screen_name': 'KPK_RI', 'name': 'KPK', 'id': '104714478'}]",,,,
1442138739526934528,1442123191909027844,2021-09-26 14:47:23 UTC,2021-09-26,14:47:23,+0000,2913311844,adiatna_san,Kemal Adiatna,,@detikcom Emang lawak sih KPK belakangan. Gw paham sih kalo pingin nyingkirin Novel yang mungkin punya kartu as buat dibuka. Tapi gk harus dirombak sepenuhnya. Revisi UU KPK akhir taun kemaren aja malah bikin gak bisa masuk ke tempat geledah.,in,[],[],[],0,0,0,[],[],https://twitter.com/Adiatna_san/status/1442138739526934528,False,,0,,,,,,,,"[{'screen_name': 'detikcom', 'name': 'detikcom', 'id': '69183155'}]",,,,
1442137622290128900,1442137622290128900,2021-09-26 14:42:57 UTC,2021-09-26,14:42:57,+0000,2223403536,zulzamangmni,Zulzaman Gmni,,"Seruan Aksi Cipayung Plus Sultra ""Peringatan Tragedi Sedarah"" meninggalnya Almarhum Randi Yusuf saat aksi menolak revisi UU KPK 2019  Titip tag:  Minions PSG Pati Ginting Vanuatu vidio Hujan #SudirmanCup2021  https://t.co/2byuYvt8hZ",in,[],[],['https://pbs.twimg.com/media/FAOAhgTUYAc1_-2.jpg'],0,0,2,['sudirmancup2021'],[],https://twitter.com/Zulzamangmni/status/1442137622290128900,False,,1,https://pbs.twimg.com/media/FAOAhgTUYAc1_-2.jpg,,,,,,,[],,,,
1442136393656856584,1442136393656856584,2021-09-26 14:38:04 UTC,2021-09-26,14:38:04,+0000,987726276394807298,bukamata18,bukamata.co,,"Selain Batalkan Revisi UU KPK dan Minerba, Berikut 7 Poin Rekomendasi FGD Digelar PRIMA  https://t.co/mB7EMAmCJP",in,[],['http://dlvr.it/S8Mylc'],[],0,0,0,[],[],https://twitter.com/bukamata18/status/1442136393656856584,False,,0,,,,,,,,[],,,,
1442130793996820482,1442130793996820482,2021-09-26 14:15:49 UTC,2021-09-26,14:15:49,+0000,4663670203,kahmiju,Kahmi Jakarta Utara,,"2 Tahun Lalu, Gelombang Unjuk Rasa Mahasiswa Tolak Revisi UU KPK  https://t.co/g8ztwEolaX",in,[],['https://nasional.tempo.co/read/1510065/2-tahun-lalu-gelombang-unjuk-rasa-mahasiswa-tolak-revisi-uu-kpk'],[],0,0,0,[],[],https://twitter.com/KahmiJu/status/1442130793996820482,False,,0,,,,,,,,[],,,,
1442130500001271813,1442064938667630598,2021-09-26 14:14:39 UTC,2021-09-26,14:14:39,+0000,778460697483055104,deniikhwan4,Deni Ikhwan,,@tempodotco Para koruptor pasti mendukung revisi UU KPK ..,in,[],[],[],0,0,0,[],[],https://twitter.com/DeniIkhwan4/status/1442130500001271813,False,,0,,,,,,,,"[{'screen_name': 'tempodotco', 'name': 'TEMPO.CO', 'id': '18129942'}]",,,,
1442124402619944969,1442124388980068358,2021-09-26 13:50:25 UTC,2021-09-26,13:50:25,+0000,166261604,aindraku,ùóóùóø ùóúùó°ùóóùó•ùóî ùóûùó®ùó¶ùó®ùó†ùóîùóõ,,"Kini, UU KPK hasil revisi telah terbukti memakan korban. Masa depan pemberantasan korupsi makin buram.   Akankah nyawa Randi, Yusuf &amp; Putri sia-sia? ü§î  https://t.co/mF6MXzloRB",in,[],[],['https://pbs.twimg.com/media/FAN0gGRVkAE8q-V.jpg'],0,1,3,[],[],https://twitter.com/aindraku/status/1442124402619944969,False,,1,https://pbs.twimg.com/media/FAN0gGRVkAE8q-V.jpg,,,,,,,[],,,,
1442124397641297934,1442124388980068358,2021-09-26 13:50:24 UTC,2021-09-26,13:50:24,+0000,166261604,aindraku,ùóóùóø ùóúùó°ùóóùó•ùóî ùóûùó®ùó¶ùó®ùó†ùóîùóõ,,Semua pihak yang mendukung revisi UU KPK punya utang nyawa. Yusuf &amp; Randi adalah dua di antaranya. Masih ada nama lain yang tewas dari kalangan warga seperti Putri.  https://t.co/gP3fVZVl0Q,in,[],[],['https://pbs.twimg.com/media/FAN0fz4VgAAmVWn.jpg'],1,0,4,[],[],https://twitter.com/aindraku/status/1442124397641297934,False,,1,https://pbs.twimg.com/media/FAN0fz4VgAAmVWn.jpg,,,,,,,[],,,,
1442124388980068358,1442124388980068358,2021-09-26 13:50:22 UTC,2021-09-26,13:50:22,+0000,166261604,aindraku,ùóóùóø ùóúùó°ùóóùó•ùóî ùóûùó®ùó¶ùó®ùó†ùóîùóõ,,"YUSUF &amp; RANDI ---A THREAD---  Yusuf &amp; Randi adalah dua mahasiswa yang tewas karena menolak revisi UU KPK pada tanggal yang sama dengan hari ini, 26 September, dua tahun lalu. Timah panas  merenggut nyawa mereka.  https://t.co/XL2Ue3ajOl",in,[],[],"['https://pbs.twimg.com/media/FAN0fJhVQAw9zfi.jpg', 'https://pbs.twimg.com/media/FAN0fSpVcAAxHMF.jpg']",1,6,11,[],[],https://twitter.com/aindraku/status/1442124388980068358,False,,1,https://pbs.twimg.com/media/FAN0fJhVQAw9zfi.jpg,,,,,,,[],,,,
1442113066062135299,1441998484312248325,2021-09-26 13:05:22 UTC,2021-09-26,13:05:22,+0000,1111848792767107073,itsme_rbh,Call Me : Bur,,"@PartaiSocmed @febridiansyah Masa sih Tum?  Revisi UU KPK kan bukan inisiatif pemerintah, katanya.  Setelah jadi RUU kan Pak Jokowi ogah tanda tangan, katanya.  TWK kan tidak untuk serta merta memberhentikan, katanya.   *lalu nyanyi lagu Trio Kwek Kwek,  üéµ Indonesia negriku katanya katanya.. üé∂üéº",in,[],[],[],0,0,2,[],[],https://twitter.com/ItsMe_RBH/status/1442113066062135299,False,,0,,,,,,,,"[{'screen_name': 'PartaiSocmed', 'name': '#99', 'id': '869327120'}, {'screen_name': 'febridiansyah', 'name': 'Febri Diansyah', 'id': '1038438863465664512'}]",,,,
1442112390317809665,1441692163184619521,2021-09-26 13:02:41 UTC,2021-09-26,13:02:41,+0000,1435756990035206145,bewe1659,Bewe,,"@firyanwien @S_jatss @pengarang_sajak Revisi uu kpk tidak merubah kewenangan penanganan kasus yg sudah ditangani institusi lainnya,,,",in,[],[],[],1,0,0,[],[],https://twitter.com/Bewe1659/status/1442112390317809665,False,,0,,,,,,,,"[{'screen_name': 'firyanwien', 'name': 'F Wien A', 'id': '159379750'}, {'screen_name': 'S_jatss', 'name': 'Jajat Sudrajatüá≤üá®', 'id': '1341344925271506945'}, {'screen_name': 'pengarang_sajak', 'name': 'Pengarang Puisi‚Ñ¢', 'id': '379288910'}]",,,,
1442111041404485635,1442111041404485635,2021-09-26 12:57:20 UTC,2021-09-26,12:57:20,+0000,987726276394807298,bukamata18,bukamata.co,,"Selain Batalkan Revisi UU KPK dan Minerba, Berikut 7 Poin Rekomendasi FGD Digelar PRIMA @jaringanprima   https://t.co/PUQp4DA7ld",in,"[{'screen_name': 'jaringanprima', 'name': 'jaringan prima', 'id': '170666404'}]",['https://www.bukamata.co/berita/18756/selain-batalkan-revisi-uu-kpk-dan-minerba-berikut-7-poin-rekomendasi-fgd-digelar-prima/'],[],0,0,0,[],[],https://twitter.com/bukamata18/status/1442111041404485635,False,,0,,,,,,,,[],,,,
1442101900753584133,1442101275953283085,2021-09-26 12:21:00 UTC,2021-09-26,12:21:00,+0000,85518308,nurizal,Nurizal,,@medcom_id @jokowi HEBAT PRESTASINYA KARENA REVISI UU @KPK_RI . @AdhieMassardi @mohmahfudmd @msaid_didu @musniumar,in,"[{'screen_name': 'kpk_ri', 'name': 'kpk', 'id': '104714478'}, {'screen_name': 'adhiemassardi', 'name': 'adhie m massardi', 'id': '62854021'}, {'screen_name': 'mohmahfudmd', 'name': 'mahfud md', 'id': '282006208'}, {'screen_name': 'msaid_didu', 'name': 'muhammad said didu', 'id': '1117990249806721024'}, {'screen_name': 'musniumar', 'name': 'musni umar', 'id': '114697372'}]",[],[],0,0,0,[],[],https://twitter.com/Nurizal/status/1442101900753584133,False,,0,,,,,,,,"[{'screen_name': 'medcom_id', 'name': 'MedcomID', 'id': '902837643024539651'}]",,,,
1442099350167953415,1441991275834601473,2021-09-26 12:10:52 UTC,2021-09-26,12:10:52,+0000,807941894,herman_chou73,HermanChou,,"@Rizmaya__ @febridiansyah Loh, kan Novel Baswedan @nazaqistsha  yang ga konsisten dengan wacana resign bila Revisi UU KPK dilakukan. Kok nyalahin Presiden dan DPR? Waras ga?",in,"[{'screen_name': 'nazaqistsha', 'name': 'novel baswedan', 'id': '139081308'}]",[],[],0,2,1,[],[],https://twitter.com/herman_chou73/status/1442099350167953415,False,,0,,,,,,,,"[{'screen_name': 'Rizmaya__', 'name': 'Rizmaya', 'id': '382522068'}, {'screen_name': 'febridiansyah', 'name': 'Febri Diansyah', 'id': '1038438863465664512'}]",,,,
